imageFile,imageLabel
0073797c-a755-4972-b76b-8ef2b31d44ab___new_IMG_20160315_071740.jpg.jpeg,KA19/TR01/2010-2011
00b42b2c-f193-4863-b92c-0245cbc816da___3e7fd381-0ae5-4421-8a70-279ee0ec1c61_Nissan-Terrano-Petrol-Review-Images-Black-Front-Angle.jpg,TN21AT0492
018b52e6-e9a1-42c2-8ce7-0617e8c8e021___3e7fd381-0ae5-4421-8a70-279ee0ec1c61_sbtb02_auto1.JPG,RJ27TC0530
03273806-bb1e-48da-8c8b-a0133a90197a___2014-Skoda-Yeti-Test-Drive.jpg.jpeg,MH20CS9817
0369b20e-b432-4409-90f9-2420877aa386___8151536c79159a1557421da5f27f9f0e.jpg.jpeg,KL05AK33000
07064c2c-2aa3-4419-91a4-92916de8e54c___mahindra-scorpio-old-car-500x500.jpg.jpeg,MP09CP9052
074d85b8-42ec-4d17-9b8e-9e51ae060243___hqdefault.jpg.jpeg,TN43J0158
07aaab79-71ee-4ea3-a9e6-640191183947___3e7fd381-0ae5-4421-8a70-279ee0ec1c61_1208484d1392541449-nissan-terrano-official-review-img_20140215_181708.jpg,KA18P2987
07bd977e-d578-49a2-b345-7cee5a4db6bf___new_1031520d1356604430-skoda-rapid-joins-family-edit-sold-wp_000281.jpg.jpeg,MH12JC2813
07e787a7-6cc3-482c-9ce5-f0ce115b47f1___new_VW-Polo-GT-TSI-badges-on-the-boot-lid.jpg.jpeg,MH14DT8831
07f6d77a-652e-4885-8520-6d405d2f712f___3e7fd381-0ae5-4421-8a70-279ee0ec1c61_840539077_1_1080x720_nissan-terrano-xl-d-thp-110-ps-2016-diesel-.jpg,UP50AS4535
0850c175-0b8d-47f2-801c-e29f1dbdb367___3e7fd381-0ae5-4421-8a70-279ee0ec1c61_571.jpg,RJ27TC0530
092c497e-623d-499d-822a-4b01c657389b___3e7fd381-0ae5-4421-8a70-279ee0ec1c61_nissan-terrano-rear-left-rim.jpg,KL63C8800
0a0d1748-48cd-4114-90cb-b5baf0b3cbe4___3e7fd381-0ae5-4421-8a70-279ee0ec1c61_147274518_15141875973_large.jpg,MH46X9996
0a720df9-e4ef-4e44-8c13-b39b9be8444d___3e7fd381-0ae5-4421-8a70-279ee0ec1c61_Nissan-Terrano-6.jpg,TN21AT0480
0b24d6ed-d32f-420d-bc18-03deece29073___2015-Maruti-Ciaz-Test-Drive-Review.jpg.jpeg,HR26CK8571
0b77e2a4-34db-486c-8d87-46186f5b7b88___3e7fd381-0ae5-4421-8a70-279ee0ec1c61_nissan-terrano-diesel-review-motorzest-04.jpg,TN21AT0479
0c9ebe94-827d-4c74-9950-6816e70d1bab___IMG_8883.jpg.jpeg,MH20BY3665
10c96324-3452-43e2-aa68-c8ae7d3c1b6e___844874771_1_1080x720_maruti-suzuki-wagon-r-vxi-bs-iii-2014-petrol-.jpg.jpeg,TN52U1580
11186c4c-5f17-49b1-af37-a138a1e53794___12837944763_e7c6c6381a_z.jpg.jpeg,MH20CS1941
11832b13-d514-4f1d-967c-d00e76d21e9b___Yellow-Number-Plate-With-Black-Lettering.jpg.jpeg,TN59AQ1515
125b5cda-9691-47aa-8e57-f6d8a8537d83___fancy_number_plates_in_india.jpg.jpeg,TN66U8215
12e26859-89e0-4c9b-9c59-ee793337464f___20.jpg.jpeg,HR26BR9044
13ffaad4-a186-46bd-ae5d-924d1c8d7c50___maruti-suzuki-Baleno-RS-pics-48.jpg.jpeg,HR26DA5443
1438b735-2d21-4879-8ed4-e5fa086e70c8___Maruti-Suzuki-Swift-Dzire-1.jpg.jpeg,HR26BP3543
15e7c19f-da3c-4f0d-91f3-552afabc8961___41FxrEl7jHL.jpg.jpeg,DL10CG4693
165eaa92-8e90-44e6-b132-8af462bae0c9___scorpio-rear.JPG.jpeg,KA01MA6989
175ff546-0679-4cbb-ab03-acfcd96877b7___Maruti_Wagon_R_Rear.jpg.jpeg,MH06AW8929
18f2e55e-0724-4eee-a28e-5d552a5aa045___20455d0e2dca458f13fbf4da5a2dc118.jpg - Copy.jpeg,HP896786
18f2e55e-0724-4eee-a28e-5d552a5aa045___20455d0e2dca458f13fbf4da5a2dc118.jpg.jpeg,HP896786
1a0da3dc-6667-4092-bc2a-a541a06f1e90___3e7fd381-0ae5-4421-8a70-279ee0ec1c61_Nissan-Terrano9.jpg,KA04MN3622
1e7151e6-8626-4fb2-b7e8-0fb6a8fde713___3e7fd381-0ae5-4421-8a70-279ee0ec1c61_a19be5870f8f2593c994c465a691477e_555X416_1.jpg,RJ27TC0530
1f0a7fe8-ac9b-4b54-9d55-e11f34f9f98b___9f6521b2ddb7b8e40ffd510966ffcca3.jpg.jpeg,KA42TC13/10-11
206c95ff-83b8-4273-b105-6637bf9a3038___numerix-number-plates-thodupuzha-idukki-number-plate-dealers-1lhwiga.jpg.jpeg,KL38F5008
20dd73fd-9e05-4bdc-b380-d8148b194ae7___Maruti-Swift-Number-Plates-Design.jpg.jpeg,DL10AV6342
2153dfcb-5968-4bfc-86ba-7ee8ec2d25b1___163231d1425035435-skoda-rapid-tdi-remapped-code-6-tuning-ind-front.jpg.jpeg,TN07BV5200
22dc6b5f-ff5d-4bb4-beb2-0f5fd9e75787___i10_Latest_Acrylic_Number_Plate.jpg.jpeg,KL09AL9405
2302b12c-3d74-4d6c-b376-ba8ab308a8c3___big_215451_1320738450.jpg.jpeg,MH20BY4465
23d775eb-842f-4f57-ad7a-affafa21660a___215453-new-2016-maruti-ertiga-granite-grey-zdi-shvs-highway-champion-img_8168.jpg.jpeg,TN37CR4019
2430703d-0fb3-4eb2-9765-4f9301f232cd___3e7fd381-0ae5-4421-8a70-279ee0ec1c61_Terrano-Duster-Rear-Comparison - Copy.jpg,TN19H3322
2430703d-0fb3-4eb2-9765-4f9301f232cd___3e7fd381-0ae5-4421-8a70-279ee0ec1c61_Terrano-Duster-Rear-Comparison.jpg,TERRANO
254b647f-4cb3-46c3-a206-4e70041f4c78___speedex-number-plates-nandanam-chennai-car-number-plate-dealers-33nu2i6.jpg.jpeg,TN45BA1065
266d82c7-1b64-44cd-b77c-c08d98175390___3e7fd381-0ae5-4421-8a70-279ee0ec1c61_5c752daa8d168dec865fe0462bf2c0bb_large.jpg,MH21V9926
26cfb3dd-3731-4fd0-a6c2-c44e3ce7498a___used_cars_in_keralaused_bikes_in_keralaautomotive_news7.jpg.jpeg,KL20K7561
26d2b905-4055-41fe-a933-47db0e8a0a7f___37cba8c3f681f0cb5694f16a4c54aa7b.jpg.jpeg,HR26CF5868
27a88c24-0bf2-48b0-98a8-fa396e951045___3e7fd381-0ae5-4421-8a70-279ee0ec1c61_7T4G0491-e1376988169395-1024x577.jpg,TN21(TC)611
27bfd7b7-6e0c-454c-b9f3-7a44d36edb9c___3e7fd381-0ae5-4421-8a70-279ee0ec1c61_nissan-terrano-rear-right-side-angle-view.jpg,DL6CM6683
28574c06-ac11-422e-864f-a51b726bb9ba___3e7fd381-0ae5-4421-8a70-279ee0ec1c61_hqdefault0.jpg,RJ27TC0530
28fc10e3-681b-4086-9c15-28934ae86f7e___3e7fd381-0ae5-4421-8a70-279ee0ec1c61_nissan-terrano-amt_827x510_71478504527.jpg,DL14CTC0153
2adfb5e7-e70a-4749-b5fa-8c233c0d47d9___new_1572920d1478091901-your-favourite-number-plate-font-jetta-german-font.jpg.jpeg,MH14EU3498
2c9306ab-3454-4ca0-89fd-db3f51dabcef___3e7fd381-0ae5-4421-8a70-279ee0ec1c61_Nissan-Terrano-front-three-quarters-on-plain-ground.jpg,RJ27TC0530
2e23964b-ce59-4bcf-8c35-98f3a096a748___design-ind-number-plates-vijayanagar-bangalore-number-plate-dealers-2etqybj.jpg.jpeg,KA05HS4495
2fbe224b-e775-4c74-b975-fd66d2397ef6___3e7fd381-0ae5-4421-8a70-279ee0ec1c61_Nissan-Terrano.jpg,RJ27TC0530
304b14b8-dc3c-41cb-94b6-635864e2e964___number-plate-protector-car-safeplate-250x250.jpg.jpeg,GJ07BR1336
31847e78-6696-4dc2-be08-cb37d512c576___2010_Maruti_WagonR_Review.jpg.jpeg,MH06AW8929
319f51dc-9db2-4977-a43d-09561cdd54ab___1415806d1442489743t-raging-red-rover-r3-my-mahindra-scorpio-s10-4x4-nudge-guard.jpg.jpeg,DL12CG6648
347c849b-6cfa-4edb-af1f-b29bdad25c4d___new_New-Volkswagen-Polo.jpg.jpeg,WOBNP300
3515f71d-cdd6-4050-ae68-7b7afd4c0a11___8.jpeg,KL06H5834
351a22eb-bf0a-44d6-8b6d-5ffca753c261___bike-number-plate-500x500.jpg.jpeg,MH20EU9991
369ccb4b-88fe-4e97-91c1-3838da2b7563___3e7fd381-0ae5-4421-8a70-279ee0ec1c61_Honda-Jazz-Number-Plates-Designs.jpg,TN42R2697
377b225b-e978-4e7c-8e5e-f10d8effc336___Maruti-Suzuki-Ignis-Rear-view-94486.jpg.jpeg,HR26DA0471
38cee3dd-dead-4ba0-b350-0f82d94836da___3e7fd381-0ae5-4421-8a70-279ee0ec1c61_big_467860_1505633598.jpg,HR26TC7303
3bc3f147-2d6b-484a-8481-4a49fd8afe23___3e7fd381-0ae5-4421-8a70-279ee0ec1c61_844581764_1_1080x720_nissan-terrano-xv-d-thp-110-ps-2013-diesel-faridabad.jpg,HR51AY9099
3c0a3772-d18d-4ff7-861c-7e50b7974edb___1393874-take-look-number-plate-imageuploadedbyteambhp1437414250.447892.jpg.jpeg,GJW-1-15-A-1138
3d7cd880-ea4b-4d63-9706-bea1df54af20___135712d1400874352-skoda-rapid-1-6tdi-cr-mt-elegance-ultima-candy-white-white-monster-1911216_676392609084007_1524722860_o.jpg.jpeg,DL3CAY9324
3f677265-d5fa-439f-be23-feaacce22c49___3e7fd381-0ae5-4421-8a70-279ee0ec1c61_848126147_2_1080x720_nissan-terrano-xl-d-plus-2014-diesel-upload-photos.jpg,GJ05JH2501
3fd93f90-f778-4f14-8b0f-67dd0be88a06___561644d1308248087-beware-fake-registration-numbers-imported-cars-proof-pg-3-257491_10150223034216705_685851704_7325894_6 - Copy.jpeg,WB06F9209
3fd93f90-f778-4f14-8b0f-67dd0be88a06___561644d1308248087-beware-fake-registration-numbers-imported-cars-proof-pg-3-257491_10150223034216705_685851704_7325894_6829197_o.jpg.jpeg,WB06F9209
3febea0e-53c0-4b30-880c-3061458b93ce___Maruti-Vitara-Brezza-rear-end-full-review.jpg.jpeg,HR26U7501
40204d5c-c847-4437-90db-3e2d05a27761___33.jpg.jpeg,WB07D5106
41209caa-2aa2-4003-b057-e0508c1d5ac9___Volkswagen-Ameo-Exterior-68165.jpg.jpeg,MH14TCD204
41de2ad0-3785-488e-9f1f-75b76f446cc7___Maruti-Alto-K10-Photos-2.jpg.jpeg,HR26CT4063
422aaf6f-dd4a-450f-ac6b-65966ab512d0___1431956d1446017445-number-plates-merchandise-canvas-ink-gurgaon-edit-closed-thumb_img_4418_1024.jpg.jpeg,MH03BS7778
4434b404-dd10-4150-b226-b76b6ef95e43___new_224489195_8_1000x700_skoda-superb-2010-.jpg.jpeg,KL01AX8000
44ee098a-c33c-47a2-9dcb-717c02d5a240___3e7fd381-0ae5-4421-8a70-279ee0ec1c61_2013-Nissan-Terrano-Front.jpg,TN19(TC)91
49bdf0d9-4e64-41eb-9c19-eabdc4afb051___Maruti-Suzuki-Ciaz-Photos-30.JPG.jpeg,HR26CH3604
4b669e6d-4eec-4f46-b502-f64ee0175947___new_1.jpg,MH14TC206/AN
4be1ff39-b2ad-45e0-9c9a-0e7215cbb5b6___2.jpg.jpeg,MH12DE1433
4eb236a3-6547-4103-b46f-3756d21128a9___06-Sanjay-Dutt.jpg.jpeg,MH02CB4545
4ed4509a-18ed-44cd-bfe3-b1cce982e365___3e7fd381-0ae5-4421-8a70-279ee0ec1c61_Nissan-Terrano-3.jpg,TN21AT0480
4f86fbad-3a04-4c11-a8fa-e897727fc2c7___Number-plate-1.jpg.jpeg,MH14GN9239
504e7c29-e1dc-48c9-ace6-738cf934e368___2017-skoda-octavia-rs-12.jpg.jpeg,MH20TC640B
51d58875-0bdc-4488-84d9-8b7ad5883863___new_Maruti-Suzuki-Ignis-Rear-view-94486.jpg.jpeg,HR26DA0471
5231116f-7a07-4ce2-b437-d34b497e7969___3e7fd381-0ae5-4421-8a70-279ee0ec1c61_844329566_3_1080x720_nissan-terrano-xe-d-2014-diesel-.jpg,HR11F7575
52abe2c4-fde3-45b2-beec-f070e6ed98c7___Volkswagen-Vento-Rear-view-46765.jpg.jpeg,MH14EP4660
52b45060-9645-47c7-882d-b69a5bf07eff___1006372d1351343820-my-new-maruti-swift-zxi-21102012241.jpg.jpeg,KA031351
5345a45f-8d1b-4984-b5ee-a69fc4cbda6a___new__bd7f7862-d727-11e7-ad30-e18a56154311.jpg.jpeg,MH15TC554
55aa4ee8-13fd-45bd-b83b-651ac665d71a___200560387_4_1000x700_2012-toyota-innova-diesel-130000-kms-cars.jpg.jpeg,KL16J3636
56b46df3-223c-42c8-a6bf-e95e5bac29cc___9214a754343030395508e104d7948167_large.jpg.jpeg,PB08CX2959
5747d3e8-4dd0-435f-942d-34b84f03344c___Maruti-Suzuki-Swift-Number-Plates-Design.jpg.jpeg,KL20AV6342
57e92915-935a-4a91-91f8-f3ad70040a6e___3e7fd381-0ae5-4421-8a70-279ee0ec1c61_847071203_1_1080x720_nissan-terrano-xv-d-thp-premium-110-ps-2015-diesel-ghaziabad.jpg,UP16CT2233
581e2224-3640-4bad-9d90-c2076a9f64f4___617609.jpg.jpeg,KA03MX5058
59a29a85-30f5-469e-a6c2-e1af171f151c___3e7fd381-0ae5-4421-8a70-279ee0ec1c61_10187746494_417a40a489 - Copy.jpg,TN21AU7234
59a40238-6b01-4bb9-9faf-3b595e67bcb3___3d-font-number-plate-500x500.jpg.jpeg,MH13BN4348
59e121dc-ebc6-4e4c-ba88-7fe04b569218___Autopsyches-Skoda-Laura-6.jpg.jpeg,DL3CAY2231
5a4780bf-d2af-4f19-a36b-65004cd06b3d___maruti-suzuki-wagon-r-rear-left-rim.jpg.jpeg,MP09CC1667
5ac9f7b9-f7cc-4161-bbd1-7f377bb890bf___3e7fd381-0ae5-4421-8a70-279ee0ec1c61_Nissan-Terrano-John-Abraham.jpg,MH03CB6467
5b49ae32-c799-45e3-b139-9c56acf6370d___2014-Volkswagen-Polo-Review.jpg.jpeg,MH14EH7958
5c85a40f-ce81-44b4-82b2-dfdac281217d___new_Skoda-Octavia-1.8-TSI-5.jpg.jpeg,MH20CS1941
5cbd7465-ad12-4e6b-8eaf-d7056c3852f8___New-2018-Maruti-Suzuki-Swift-radiator-grille-600x398.jpg.jpeg,HR26DK0830
60842fa7-0a2e-4407-b41c-933d93bdbb35___3e7fd381-0ae5-4421-8a70-279ee0ec1c61_nissan-terrano-red-rear.jpg,RJ27TC0530
6254bb73-d8a1-4f04-89a9-92caef98e233___1658240d1500548920-close-look-2017-skoda-octavia-facelift-hands-free-parking-front-bumper.jpg.jpeg,MH20EE7597
62b58053-425c-4924-b129-c4a6580f3562___product-500x5001.jpeg,KL01CC50
6578ae52-8431-4854-ba24-756888891756___1496414894_2017-maruti-suzuki-ciaz.jpg.jpeg,HR26TC7099
658af519-5290-4ae5-8dd6-694bab9aa458___3e7fd381-0ae5-4421-8a70-279ee0ec1c61_848765390_1_1080x720_nissan-terrano-xl-d-plus-2014-diesel-coimbatore.jpg,TN59BE0939
65e2825e-943f-48a3-a4e2-7e81d649ace2___3e7fd381-0ae5-4421-8a70-279ee0ec1c61_nissan-terrano-L.jpg,RJ27TC0530
6767eddd-bf2f-4270-aa1f-6146738895ab___3e7fd381-0ae5-4421-8a70-279ee0ec1c61_Nissan-Terrano-20300.jpg,RJ27TC0530
684f079f-6085-420c-8e4e-e1aed270fc05___Toyota-Fortuner-Number-Plates-Design.jpg.jpeg,KL53E964
69b56ab9-accd-4c67-aa7a-a884c018e5ab___speedex-number-plates-nandanam-chennai-car-number-plate-dealers-3zh7n2s.jpg.jpeg,KL54H369
6bf2730d-82bf-43ac-8802-b61315d85b96___2017-Skoda-Octavia-rear-high-revealed-for-India-images.jpg.jpeg,MH20EE7598
6cd15e75-3e26-41f2-a6aa-b1b58dec1c48___volkswagen-polo-exquisite-limited-edition-m1_720x540.jpg.jpeg,MH14EY5972
6d69b523-72b7-4be9-a79f-428ef8148dcd___81auoS-H8eL._SX425_.jpg.jpeg,GJ01MW7581
6e52e238-927b-46e0-a8f1-5f77ef1ecf9f___3e7fd381-0ae5-4421-8a70-279ee0ec1c61_nissan-terrano-rear.jpg,RJ27TC0530
6e772b68-a549-44e5-950e-4c376454c4e9___1557295d1474517501-toyota-innova-crysta-official-review-20160921_173216.jpg.jpeg,KL01KLKL01
6ec9d264-9eab-4027-bdcc-6f71c842ee75___3e7fd381-0ae5-4421-8a70-279ee0ec1c61_846635891_1_1080x720_nissan-terrano-xl-d-thp-110-ps-2013-diesel-dehra-dun.jpg,UK07BA7252
6ed8b283-5cf5-4727-9969-c79f70f47e80___2-cars-same-numbers.jpg.jpeg,RJ27TA1143
6f680368-4a15-464a-b314-7f9cd0f3db11___91852d1232463201-high-security-registration-plates-hsrp-india-num1.jpg.jpeg,KL01AU585
6f78077e-a3a1-4fb9-89ba-5870d75ccdb8___Innova_Crysta_Car_Euro_number_Plates.jpg.jpeg,TN09CH7770
7070d6ac-5425-4d33-a78e-a48c62d0fac5___Honda-Jazz-Number-Plate-Designs.jpg.jpeg,TN42R2697
7073bd18-c0bf-47da-9e43-8c9d27831f11___new_Skoda-Laura-rear.jpg.jpeg,MH01AR5274
712ecd95-753f-4d67-ae42-e8b5254e6e94___28iam53.jpg.jpeg,MH02BK9793
72894c2b-5999-4d87-baa4-e3507548e011___3e7fd381-0ae5-4421-8a70-279ee0ec1c61_847602356_1_1080x720_nissan-terrano-xl-d-2014-diesel-bilaspur.jpg,CG10S0650
730a2f83-cd53-4943-8922-af9d4fcad415___new_2.jpg,DL1N4268
7506a48d-2c70-4b12-b300-463754bc7837___165979d1427773878-new-volkswagen-vento-2016-launched-india-vw-vento-facelift-rear-india-spotted-test.jpg.jpeg,MH14TCFF459
760ba77a-8992-4574-8cba-6c081d9e3e19___3e7fd381-0ae5-4421-8a70-279ee0ec1c61_04f4c639c871fba0b4cc6475604e40b7_large.jpg,RJ20CC0784
7616cb19-df24-4d29-b679-5252391a547f___Skoda-Laura-rear.jpg.jpeg,MH01AR5274
77d1f81a-bee6-487c-aff2-0efa31a9925c____bd7f7862-d727-11e7-ad30-e18a56154311.jpg.jpeg,MH15TC554
78a85f8b-de01-4036-ae91-2a1fa48bcf9f___new_995920d1349421647-cappuccino-beige-czech-tank-here-my-skoda-laura-2-0-elegance-mt-20121005_121433.jpg.jpeg,KA29Z999
79094948-25d3-418e-86fc-3c2d62917f62___513039-volkswagen-vento-test-drive-review-06032011612.jpg.jpeg,DL12C3536
7c6227ed-9e92-4062-9591-b172cb32ec10___3e7fd381-0ae5-4421-8a70-279ee0ec1c61_Honda-Jazz-Front-Number-Plates-Designs.jpg,TN42R2697
7c8229d7-7e37-41a6-9262-d5da278c8d8e___139379d1243147524-ok-have-dealers-name-number-plate-1.jpg.jpeg,HR99BJTEMP6662
7f369852-27b9-4141-8c48-9e88b20743a6___new_Mahindra-Scorpio-Taillamps-Night.JPG.jpeg,MHH01BU5207
7f768bfc-4c86-4fff-932d-c9871a82dce5___1431955d1446017445-number-plates-merchandise-canvas-ink-gurgaon-edit-closed-thumb_img_4422_1024.jpg.jpeg,MH03BS7778
7f7e27cc-930a-46cb-b3af-6e43da8b566d___3e7fd381-0ae5-4421-8a70-279ee0ec1c61_Nissan-Terrano-Petrol-Review-Images-Black-Front-Grille-720x480.jpg,TN21AT0492
8187c22d-5fa4-4976-9c00-80b2ab66b97d___1290890d1411349145-take-look-number-plate-img_20140903_093600_hdr.jpg.jpeg,TS09EB1458
84969111-2ec3-4914-b3bb-da5aaac701e7___1.jpg.jpeg,MH20TC830C
85bd88a0-ac9a-412e-ba44-2a29d209e212___4336_1466054535_9.jpg.jpeg,MH14TCE4
85d7e25d-5aa1-4e5f-9c4e-4e671f14ddbe___77cca4b6f3864b3928824a030ba101d2.jpg.jpeg,KL60N5344
8625b831-13a1-4b7d-9466-826cd6d36c67___1304650d1414861991-number-plates-merchandise-canvas-ink-gurgaon-edit-closed-10471269_1537317779842156_5063668061078329632_n.jpg.jpeg,DL7CN5617
868b996f-1f40-47ca-8222-b0f2750d7010___3e7fd381-0ae5-4421-8a70-279ee0ec1c61_nissan-terrano-left-side-view.jpg,AS23M1264
88294212-f11c-46a7-a91a-04c9da19efa6___DSC_8221-L.jpg.jpeg,WB74X7605
8906af57-0d29-417d-ac46-408425527b57___VW-Vento-TDI-CNG-Spy-Pic-2.jpg.jpeg,MH14TCF300
89d26be7-258a-4470-b0fe-d1df57b20d55___new_Skoda-Octavia-5.jpg.jpeg,MH20CS1938
8b5431f9-7d6f-43ed-853d-350ca058ff2a___3e7fd381-0ae5-4421-8a70-279ee0ec1c61_2014-Nissan-Terrano1.jpg,TN19TC94
8b9e7112-9149-48fb-b8e8-c3e89cce5af0___1074650_10201043987997310_227646612_o.jpg.jpeg,HR696969
8c4371ee-a997-4b21-82c4-cb5e767c4d06___kia-sorento-spied-in-India.jpg.jpeg,AP02BP2454
8da5183c-275f-4294-a5a8-276e10ac5ad0___3e7fd381-0ae5-4421-8a70-279ee0ec1c61_nissan-terrano-amt_827x510_81478504265.jpg,DL14CTC0153
8dbb3ea7-8512-49e4-9ede-d4647e3b7dd2___158712081_5_1000x700_toyota-innova-v-2010-7seat-life-tax-kerala_rev001.jpg.jpeg,KL02AF6363
8edca6de-d964-4027-823d-f70d3f872412___12042943_1003224833031653_9073848483429898813_n.jpg.jpeg,KL55R2473
931dfd5a-3d1f-4a08-9234-0453545e27ea___1297127d1412798792-maruti-ciaz-official-review-imag0627.jpg.jpeg,PB03AG[T]8979
936623d4-b47c-4da7-ab2e-6ac3cc63f861___new_216279d1481352986-silver-venom-mahindra-scorpio-s4-2016-ownership-review-wp_20161122_11_19_00_pro.jpg.jpeg,TN74AL5074
93b6319a-5886-48d8-8a69-07d586751553___2014-VW-Polo-facelift-first-drive-rear-number-plate.jpg.jpeg,TN02TC0143
93b6ca4e-17cc-4b12-b7f5-66fb37c6107c___number-plate-factory-fitted1.jpg.jpeg,0HR26DG6167.516355
94c5a151-24b5-493c-a900-017a4353b00c___3e7fd381-0ae5-4421-8a70-279ee0ec1c61_Tata-Tiago-Front-Number-Plates-Design.jpg,KL65H4383
967ba4a0-eb8e-4734-aa09-c7143d0404b6___39720161008_150234.jpg.jpeg,MH02BM5048
97846647-16f1-4ee2-b260-60774a21cc74___new_Maruti-Suzuki-Swift-Dzire-1.jpg.jpeg,HR26BP3543
9cad4b47-6c7b-4e30-ab55-b7fa040beb56___135717d1400912281-skoda-rapid-1-6tdi-cr-mt-elegance-ultima-candy-white-white-monster-_mg_2993comp.jpg.jpeg,TN74AH1413
9cd75347-8952-40b1-97c5-d628f1b59590___3e7fd381-0ae5-4421-8a70-279ee0ec1c61_Maruti-Swift-Number-Plates-Design.jpg,KL10AV6342
9ea92991-8fdf-4b46-aea1-bf08ecff247c___new_1107433d1373284570-my-modded-skoda-rapid-now-166-bhp-351-nm-119-whp-per-tonne-hdr_00005_normal.jpg.jpeg,TN07BU5427
9f7c7dce-f9c9-4c95-a053-8f16e6e99466___new_new-maruti-alto-k10-2_625x300_41414071192.jpg.jpeg,HR26CT6702
a1928183-9ebe-40f0-9a84-500aecc61474___2014-Skoda-Superb-facelift-spied-in-India.jpg.jpeg,MH20TC189B
a285cdf6-4640-41ee-b3f3-b721f334466f___Skoda-Octavia-RS-launched-in-India-3.jpg.jpeg,MH20EE7589
a2d49f53-4121-4627-b5d9-069f8b2f8490___840256171_1_1080x720_maruti-suzuki-wagon-r-vxi-with-abs-minor-2014-petrol-erode.jpg.jpeg,TN38BY4191
a2f87691-b9f5-4274-ac5a-8764e9ba282c___1571669d1477648169-your-favourite-number-plate-font-13.jpg.jpeg,GJ05JD9759
a34aeb21-ffe8-4357-80d3-8f212c62c816___new_main_cropped.jpg.jpeg,UP16TC1366
a508ecb5-bfdd-46ba-8640-bb827b7c089c___Volkswagen-Polo.jpg.jpeg,MH14EN5819
a615016b-4d07-46c7-a52b-8d4319fe3a10___3e7fd381-0ae5-4421-8a70-279ee0ec1c61_nissan-terrano-rear-view.jpg,DL6CM6683
a9268f51-fbb4-42c2-b88c-f5ef9f8ead42___2266_7T4G0510.JPG.jpeg,HR99EX(TEMP)6037
a970d6e0-5948-4412-a1ec-67c5240722a8___images-gallery-misc4-250x250.jpg.jpeg,HR26BA8008
aa221c22-6600-4f05-9eb9-3676ef0b22e0___69590d1226627898-high-security-number-plates-india-d1.jpg.jpeg,MH12DE1433
ab573806-1da7-4ccf-93c8-6082e0cc15c3___1107433d1373284570-my-modded-skoda-rapid-now-166-bhp-351-nm-119-whp-per-tonne-hdr_00005_normal.jpg.jpeg,TN07BU5427
acd85f93-544d-494e-b2f3-2d445937bb0b___new_1431956d1446017445-number-plates-merchandise-canvas-ink-gurgaon-edit-closed-thumb_img_4418_1024.jpg.jpeg,MH03BS7778
ad1f5cbc-7545-407e-8974-a03ddb7b7779___833542696_1_1080x720_mahindra-scorpio-vlx-4wd-airbag-bs-iv-2012-diesel-.jpg.jpeg,TN28BA9999
ae0bb069-0e7e-412a-9473-e8e0d4041cbc___135718d1400912281-skoda-rapid-1-6tdi-cr-mt-elegance-ultima-candy-white-white-monster-_mg_3000comp.jpg.jpeg,TN74F3339
aea95aa0-a000-4103-945d-c173383bd646___3e7fd381-0ae5-4421-8a70-279ee0ec1c61_Nissan-Terrano-11.jpg,RJ27TC0530
af058398-67d6-4d0e-a6d9-afc1cb184e5b___3e7fd381-0ae5-4421-8a70-279ee0ec1c61_hqdefault3.jpg,RJ27TC0530
af270103-6ed4-4260-9d01-b8be2e2b9af1___skoda-rapid-1.5-tdi-dsg-review.jpg.jpeg,",H20DJ0419"
af36405d-be93-4c8c-b1b2-5a0832535eeb___main-qimg-4caf07f4dfd9e2a2d279ddd54fb91986-c.jpg.jpeg,TN59AQ1515
af608b5e-07d6-4bcf-84d0-f0cba9e54e12___Skoda-Superb-Rear-Profile.jpg.jpeg,MH20CS4946
AN1.jpg,AN01P9687
AN10.jpg,AN01K9412
AN2.jpg,AN01D4163
AN4.jpg,AN01M4M
AN5.jpg,AN01L6155
AN6.jpg,AN01H1689
AN7.jpg,AN01H0908
AP1.jpg,AP05BY7799
AP10.jpg,AO39E1493
AP12.jpg,AP31BU7562
AP13.jpg,AP39JJ5441
AP14.jpg,AP10AS3445
AP15.jpg,AP298AT5333
AP16.jpg,AP39GR9492
AP17.jpg,AP31TP2282
AP18.jpg,AP16BS4500
AP19.jpg,AP04M7627
AP2.jpg,AP07AN3915
AP20.jpg,AP04AS8753
AP21.jpg,AP31AT5064
AP22.jpg,AP16CH9545
AP23.jpg,AP39DL3537
AP24.jpg,AP07AD5555
AP25.jpg,AP26AM1260
AP26.jpg,AP31BR9501
AP27.jpg,AP31EF1155
AP29.jpg,AP31DF2833
AP3.jpg,AP2D4014
AP30.jpg,AP31DT9378
AP33.jpg,AP31DA0020
AP34.jpg,AP37EJ2277
AP39.jpg,AP05DY3395
AP4.jpg,AP39HZ0089
AP40.jpg,AP04BA4464
AP41.jpg,AP5CG6320
AP42.jpg,AP31TY6847
AP43.jpg,AP31BG7827
AP44.jpg,AP31BL4935
AP45.jpg,AP31BL2833
AP46.jpg,AP31CS2511
AP5.jpg,AP39TP0211
AP6.jpg,AP31TY7236
AP7.jpg,AP31BL8656
AP8.jpg,AP16DP7065
AR1.jpg,AR048395
AR10.jpg,AR152019
AR11.jpg,AR01J0123
AR12.jpg,AR118784
AR13.jpg,AR200692
AR2.jpg,AR01F2523
AR3.jpg,AR069723
AR4.jpg,AR01C5723
AR6.jpg,AR168272
AR7.jpg,AR02A7116
AR8.jpg,AR089631
AR9.jpg,AR01E1034
AS1.jpg,AS23H2866
AS10.jpg,AS01DG6002
AS11.jpg,AS01DS7523
AS13.jpg,AS25S6959
AS14.jpg,AS01BP2415
AS15.jpg,AS01BF9673
AS16.jpg,AS01AL3746
AS17.jpg,AS01AR1986
AS18.jpg,AS04P4549
AS19.jpg,AS06U1295
AS2.jpg,AS07AC6653
AS20.jpg,AS01AT8119
AS21.jpg,AS23N5585
AS22.jpg,AS01AN8668
AS23.jpg,AS19D9919
AS24.jpg,AS23G2612
AS25.jpg,AS01BS4362
AS26.jpg,AS06Z0841
AS3.jpg,AS23E0596
AS5.jpg,AS23H0770
AS6.jpg,AS12S6951
AS7.jpg,AS06Q4437
AS8.jpg,AS01AM1419
AS9.jpg,AS04X2780
b117ba53-d563-49c2-806b-343666616815___new_Maruti-Suzuki-recalls-75419-Baleno-cars-1961-DZire-cars-only-AGS-variant-Motown-India-Bureau-2-810.jpg.jpeg,HR26CR3302
b176b317-68a9-4c38-ac39-55e5244c9b9c___60653.jpg.jpeg,MH02AJ344
b266759c-f9e9-47c1-9042-4c7aef7d441d___1711769d1514801394t-toyota-innova-crysta-2-4-gx-ownership-review-edit-10-000-km-service-done-vs.jpg.jpeg,KA21M5519
b3e82163-400b-4211-bb99-a5b53fb13a25___new_IMG_8883.jpg.jpeg,MH20BY3665
b4eb91cd-3e77-40c2-bbe6-13d42f2ea4ba___INNOVA_Euro_Number_Plates.jpg.jpeg,KL43B2344
b5b41a4b-8913-4af6-9419-ac6398d266b0___161893107_2_1000x700_innava-with-fancy-number-upload-photos.jpg.jpeg,KL454455
b78259be-7ef5-4499-b9a2-2b8a37660e8b___Maruti-Suzuki-Celerio-Front-Number-Plates-Design.jpg.jpeg,KL10AW2814
b78553c7-977e-49a2-b3d2-42825d83c8b0___1557297d1474517501-toyota-innova-crysta-official-review-20160920_191445.jpg.jpeg,KL01KLKL01
b79f870d-15c7-48e3-8874-7c0e53e29f75___3e7fd381-0ae5-4421-8a70-279ee0ec1c61_754eab882b8290b29a0454dd45580a39_555X416_1 - Copy (2).jpg,HR26CP3135
b79f870d-15c7-48e3-8874-7c0e53e29f75___3e7fd381-0ae5-4421-8a70-279ee0ec1c61_754eab882b8290b29a0454dd45580a39_555X416_1 - Copy (3).jpg,CRETA
b79f870d-15c7-48e3-8874-7c0e53e29f75___3e7fd381-0ae5-4421-8a70-279ee0ec1c61_754eab882b8290b29a0454dd45580a39_555X416_1 - Copy.jpg,DUSTER
b79f870d-15c7-48e3-8874-7c0e53e29f75___3e7fd381-0ae5-4421-8a70-279ee0ec1c61_754eab882b8290b29a0454dd45580a39_555X416_1.jpg,RJ27TC0530
b7fd8aaa-8621-449f-b99c-f45778f1a25c___3e7fd381-0ae5-4421-8a70-279ee0ec1c61_1208485d1392541449-nissan-terrano-official-review-img_20140215_181507.jpg,KA18P2987
b9467810-4022-4cf5-87e7-fed0d63c8e2f___new_1658240d1500548920-close-look-2017-skoda-octavia-facelift-hands-free-parking-front-bumper.jpg.jpeg,MH20EE7597
ba457a81-cf10-4879-8e8f-3a0a8d10689a___3e7fd381-0ae5-4421-8a70-279ee0ec1c61_hqdefault.jpg,RJ27TC0530
bb210ab4-795c-4b2b-9b6e-4597cbc67375___White-2BPlate.jpeg,MH01AV8866
bb767d81-73b4-4c47-b619-7efde490b199___3e7fd381-0ae5-4421-8a70-279ee0ec1c61_oem-name0 - Copy.jpg,RJ27TC0530
bb767d81-73b4-4c47-b619-7efde490b199___3e7fd381-0ae5-4421-8a70-279ee0ec1c61_oem-name0.jpg,RJ27TC0530
bbf22d00-3dd6-4338-b701-264e0c0c0aff___Maruti-Swift-DZire-Photos-1.jpg.jpeg,HR26CM6005
bcdc8b42-5dd4-48e2-8104-706440524bfe___hqdefault0.jpg.jpeg,TS08ER1643
bd742e42-bacc-430e-b9aa-9df666f5d9b3___kicker-647_010517112446.jpg.jpeg,AP28N3107
bdad5f66-70ad-4241-9a62-bba1123c3486___3e7fd381-0ae5-4421-8a70-279ee0ec1c61_1447945d1449508546t-my-nissan-terrano-85-ps-_img_000000_000000.jpg,KA05MQ92
bff789cd-2d58-4399-a55e-33be55f313e3___IMG_0472.jpg.jpeg,MH02CT2727
BR10.jpg,BR32PA6558
BR11.jpg,BR02AF7424
BR12.jpg,BR03PA3803
BR13.jpg,BR01PL7594
BR14.jpg,BR01BL6628
BR15.jpg,BR01BR5435
BR16.jpg,BR33M0001
BR17.jpg,BR06PO0006
BR18.jpg,BR01BD5042
BR3.jpg,BR01AZ6290
BR4.jpg,BR06U2470
BR5.jpg,BR01BE0777
BR6.jpg,BR7P3952
BR7.jpg,BR44E1206
BR8.jpg,BR01DG6692
BR9.jpg,BR01AW1250
c02b3989-8334-4cf7-b69c-bcd177e209d4___mqdefault.jpg.jpeg,TN99F2378
c03a7106-1fb9-471f-bbb0-2e8f4a29759a___38e7b1109eb976088e1df2f14ac4c08c.jpg - Copy.jpeg,KL13AA6340
c03a7106-1fb9-471f-bbb0-2e8f4a29759a___38e7b1109eb976088e1df2f14ac4c08c.jpg.jpeg,KL57A111
c06d4d42-591f-429e-92b4-20e701f89c14___2014-VW-Polo-facelift-spied-India-rear.jpg.jpeg,MH14TCF460
c1d91c5e-128b-41d4-9f9d-ebfbef98b597___High_security_n15816.jpg.jpeg,MH01AE8017
c2feb2b7-fbb3-4e1e-ad48-cc8112a1ab3f___Maruti_R3_On_Test.jpg.jpeg,HR99HA(TEMP)4575
c30a1535-9d8f-465e-a7f4-aa726f19f0b1___new-maruti-alto-k10-2_625x300_41414071192.jpg.jpeg,HR26CT6702
c41652d9-19ae-4a7d-8423-230340ac30bc___Skoda_Laura_DSG_Long_Term_Review-125.jpg.jpeg,MH20BN3525
c48f8704-bc40-462a-a595-445b2f2e63fe___new_77cca4b6f3864b3928824a030ba101d2.jpg.jpeg,KL60N5344
c795950c-766a-4a2e-9636-62d663d6f06b___62bf1edb36141f114521ec4bb4175579.jpg.jpeg,GJ7BB766
c8a79e91-8c48-42d0-9b80-137fd033493c___automakers-number-plates-nitin-gadkari_827x510_61522653557.jpg.jpeg,MH14TC947
ca18d733-ec53-49d9-87aa-a9f6c52cc7bb___VW-Polo-GT-TSI-badge-on-the-grille.jpg.jpeg,MH14DT8831
car-wbs-AP02BP2454_00000.jpeg,AP02BP2454
car-wbs-DL10CG4693_00000.jpeg,DL10CG4693
car-wbs-DL12C3536_00000.jpeg,DL12C3536
car-wbs-DL3CAY2231_00000.jpeg,DL3CAY2231
car-wbs-DL3CAY9324_00000.jpeg,DL3CAY9324
car-wbs-DL6CM6683_00000.jpg,DL6CM6683
car-wbs-DL6CM6683_00001.jpg,DL6CM6683
car-wbs-GJ05JH2501_00000.jpg,GJ05JH2501
car-wbs-GJ05JH2501_00001.jpg,GJ05JH2501
car-wbs-GJW115A1138_00000.jpeg,GJW115A1138
car-wbs-HR11F7575_00000.jpg,HR11F7575
car-wbs-HR26BA8008_00000.jpeg,HR26BA8008
car-wbs-HR26BP3543_00000.jpeg,HR26BP3543
car-wbs-HR26BP3543_00001.jpeg,HR26BP3543
car-wbs-HR26CH3604_00000.jpeg,HR26CH3604
car-wbs-HR26CK8571_00000.jpeg,HR26CK8571
car-wbs-HR26CM6005_00000.jpeg,HR26CM6005
car-wbs-HR26CR3302_00000.jpeg,HR26CR3302
car-wbs-HR26CT4063_00000.jpeg,HR26CT4063
car-wbs-HR26CT6702_00000.jpeg,HR26CT6702
car-wbs-HR26CT6702_00001.jpeg,HR26CT6702
car-wbs-HR26DA0471_00000.jpeg,HR26DA0471
car-wbs-HR26DA2330_00000.jpeg,HR26DA2330
car-wbs-HR26DG6167_00000.jpeg,HR26DG6167
car-wbs-HR26U7501_00000.jpeg,HR26U7501
car-wbs-HR51AY9099_00000.jpg,HR51AY9099
car-wbs-HR696969_00000.jpeg,HR696969
car-wbs-HR99BJ6662_00000.jpeg,HR99BJTEMP6662
car-wbs-HR99EX6037_00000.jpeg,HR99EX6037
car-wbs-HRDK0830_00000.jpeg,HR26DK0830
car-wbs-KA031351_00000.jpeg,KA031351
car-wbs-KA04MN3622_00000.jpg,KA04MN3622
car-wbs-KA18P2987_00000.jpg,KA18P2987
car-wbs-KA29Z999_00000.jpeg,KA29Z999
car-wbs-KL01AX8000_00000.jpeg,KL01AX8000
car-wbs-KL01CA2555_00000.jpeg,KL01CA2555
car-wbs-KL01KL0KL01_00000.jpeg,KL01KLKL01
car-wbs-KL04AL4405_00000.jpeg,KL04AL4405
car-wbs-KL05AK3300_00000.jpeg,KL05AK3300
car-wbs-KL07CB8599_00000.jpeg,KL07CB8599
car-wbs-KL10AV6342_00000.jpeg,KL10AV6342
car-wbs-KL10AV6342_00001.jpg,KL10AV6342
car-wbs-KL10AV6633_00000.jpg,KL10AV6633
car-wbs-KL10AW2111_00000.jpeg,KL10AW2111
car-wbs-KL10AW2814_00000.jpeg,KL10AW2814
car-wbs-KL10AW2814_00001.jpeg,KL10AW2814
car-wbs-KL12G7531_00000.jpeg,KL12G7531
car-wbs-KL16J3636_00000.jpeg,KL16J3636
car-wbs-KL20K7561_00000.jpeg,KL20K7561
car-wbs-KL43B2344_00000.jpeg,KL43B2344
car-wbs-KL454455_00000.jpeg,KL454455
car-wbs-KL53E964_00000.jpeg,KL53E964
car-wbs-KL54H369_00000.jpeg,KL54H369
car-wbs-KL55R2473_00000.jpeg,KL55R2473
car-wbs-KL60N5344_00000.jpeg,KL60N5344
car-wbs-KL60N5344_00001.jpeg,KL60N5344
car-wbs-KL65H4383_00000.jpg,KL65H4383
car-wbs-MH01AE8017_00000.jpeg,MH01AE8017
car-wbs-MH01AR5274_00000.jpeg,MH01AR5274
car-wbs-MH01BU5207_00000.jpeg,MH01BU2507
car-wbs-MH02BM5048_00000.jpeg,MH02BM5048
car-wbs-MH02CB4545_00000.jpeg,MH02CB4545
car-wbs-MH03AR5549_00000.jpg,MH03AR5549
car-wbs-MH03BS7778_00000.jpeg,MH03BS7778
car-wbs-MH03BS7778_00001.jpeg,MH03BS7778
car-wbs-MH03BS7778_00002.jpeg,MH03BS7778
car-wbs-MH03CB6467_00000.jpg,MH03CB6467
car-wbs-MH04DW8351_00000.jpeg,MH04DW8351
car-wbs-MH06AW8929_00000.jpeg,MH06AW8929
car-wbs-MH06AW8929_00001.jpeg,MH06AW8929
car-wbs-MH12DE1433_00001.jpeg,MH12DE1433
car-wbs-MH12JC2813_00000.jpeg,MH12CJ2813
car-wbs-MH14DT8831_00000.jpeg,MH14DT8831
car-wbs-MH14EH5819_00000.jpeg,MH14EH5819
car-wbs-MH14EH7958_00000.jpeg,MH14EH7958
car-wbs-MH14EH7958_00001.jpeg,MH14EH7958
car-wbs-MH14EP4660_00000.jpeg,MH14EP4660
car-wbs-MH14EU3498_00000.jpeg,MH14EU3498
car-wbs-MH20BN3525_00000.jpeg,MH20BN3525
car-wbs-MH20BN3525_00001.jpeg,MH20BN3525
car-wbs-MH20BY3665_00000.jpeg,MH20BY3665
car-wbs-MH20BY3665_00001.jpeg,MH20BY3665
car-wbs-MH20BY4465_00000.jpeg,MH20BY4465
car-wbs-MH20CS1938_00000.jpeg,MH20CS1938
car-wbs-MH20CS1941_00000.jpeg,MH20CS1941
car-wbs-MH20CS1941_00001.jpeg,MH20CS1941
car-wbs-MH20CS4946_00000.jpeg,MH20CS4946
car-wbs-MH20CS9817_00000.jpeg,MH20CS9817
car-wbs-MH20DJ0419_00000.jpeg,MH20DJ0419
car-wbs-MH20DV2362_00000.jpeg,MH20DV2362
car-wbs-MH20EE045_00000.jpeg,MH20EE045
car-wbs-MH20EE0943_00000.jpeg,MH20EE0943
car-wbs-MH20EE7597_00000.jpeg,MH20EE7597
car-wbs-MH20EE7598_00000.jpeg,MH20EE7598
car-wbs-MH20EE7598_00001.jpeg,MH20EE7598
car-wbs-MH21V9926_00000.jpg,MH21V9926
car-wbs-MH46X9996_00000.jpg,MH46X9996
car-wbs-PB08CX2959_00000.jpeg,PB08CX2959
car-wbs-RJ02CC0784_00000.jpg,RJ20CC0784
car-wbs-TN07BU5427_00000.jpeg,TN07BU5427
car-wbs-TN07BU5427_00001.jpeg,TN07BU5427
car-wbs-TN07BV5200_00000.jpeg,TN07BV5200
car-wbs-TN09CH7770_00000.jpeg,TN09CH7770
car-wbs-TN21AT0479_00000.jpg,TN21AT0479
car-wbs-TN21AT0480_00000.jpg,TN21AT048
car-wbs-TN21AT0480_00001.jpg,TN21AT0480
car-wbs-TN21AT0492_00000.jpg,TN21AT0492
car-wbs-TN28BA9999_00000.jpeg,TN28BA9999
car-wbs-TN37CR4019_00000.jpeg,TN37CR4019
car-wbs-TN38BW1139_00000.jpeg,TN38BW1139
car-wbs-TN38BY4191_00000.jpeg,TN38BY4191
car-wbs-TN42R2697_00000.jpg,TN42R2697
car-wbs-TN45BA1065_00000.jpeg,TN45BA1065
car-wbs-TN52U1580_00000.jpeg,TN52U1580
car-wbs-TN58AM1_00000.jpeg,TN58AM1
car-wbs-TN59BE0939_00000.jpg,TN59BE0939
car-wbs-TN66U8215_00000.jpeg,TN66U8215
car-wbs-TN74AH1413_00000.jpeg,TN74AH1413
car-wbs-TN74AL5074_00000.jpeg,TN74AL5074
car-wbs-TN74F3339_00000.jpeg,TN74F3339
car-wbs-TN99F2378_00000.jpeg,TN99F2378
car-wbs-UP16CT2233_00000.jpg,UP16CT2233
car-wbs-UP32FH2653_00000.jpg,UP32FH2653
car-wbs-UP50AS4535_00000.jpg,UP50AS4535
car-wbs-WB74X7605_00000.jpeg,WB74X7605
cbd81ff4-fc2a-4cd5-bed6-0fef4c456caa___226616d1495986750-zoomcar-review-mahindra-scorpio-s4-09-pamban.jpg.jpeg,KA51AA3469
cc80e5c6-2cb7-40f7-a072-3f4cb5a56c65___Dileep_Car_Innova_1.jpg.jpeg,KL07BF2007
cd506968-8676-4df3-9150-d1c2e618f4c2___3e7fd381-0ae5-4421-8a70-279ee0ec1c61_nissan-note-india-testing_827x510_81508219864.jpg,TN21TC31
cf011553-f802-4b11-99ec-6e03d731b646___new_2014-VW-Polo-facelift-spied-India-rear.jpg.jpeg,MH14TCF460
CG1.jpg,CG04HD6930
CG10.jpg,CG27H7740
CG11.jpg,CG04HA4655
CG12.jpg,CG12AG1130
CG13.jpg,CG16H1802
CG14.jpg,CGG09JA2359
CG15.jpg,CG07BR3255
CG16.jpg,CG07M2684
CG17.jpg,CG07MA2529
CG18.jpg,CG07CA7784
CG19.jpg,CG07MA7849
CG20.jpg,CG251612
CG21.jpg,CG04FJ5894
CG22.jpg,CG13AE4060
CG4.jpg,CG04HV7009
CG6.jpg,CG22AB1111
CG7.jpg,CG08K2057
CG8.jpg,CG04H5060
CG9.jpg,CG04HC4887
CH1.jpg,CH01BQ5604
CH10.jpg,CH01AB4559
CH2.jpg,CH01BL3528
CH3.jpg,CH03K7672
CH4.jpg,CH01AX9090
CH5.jpg,CH01AP4538
CH6.jpg,CH01AZ2642
CH7.jpg,CH01AL4920
CH8.jpg,CH01AO9331
CH9.jpg,CH01AF1382
d1115e64-987f-4a72-b9bb-853f67ca37b6___new_2014-Volkswagen-Polo-Review.jpg.jpeg,MH14EH7958
d16041c1-831d-4cc9-8869-68be8b6e12d7___slider-new-2.jpg.jpeg,KL12G7531
d3d2cbaa-f24a-4cb7-a236-53fa514816b4___new_2017-Skoda-Rapid-Diesel-DSG-Review-6.jpg.jpeg,MH20EE045
d4bec046-caac-4e59-bd05-44de2232d83b___2017-Skoda-Octavia-Front.jpg.jpeg,MH20EE7601
d5ddd1e6-56ca-4991-994e-cb78fe836a47___3e7fd381-0ae5-4421-8a70-279ee0ec1c61_2013-Nissan-Terrano-Review.jpg,RJ27TC0530
d779f6f0-5731-48ed-bd43-836a3f7f2013___product-500x5000.jpeg,KL01CA2555
d9023f53-f90d-4b98-bd52-30796777ddcf___Maruti-Suzuki-Baleno-hatchback-56545.jpg.jpeg,HR26TC5656
db4f467d-2d9e-4567-ab68-fce4a8689562___maxresdefault7.jpg.jpeg,HR26BU0375
dc8bb609-7086-431b-9c8b-9520975dabd2___822716205_6_1080x720_maruti-suzuki-ciaz-make-year-2014-petrol-.jpg.jpeg,KL07CB8599
dd58e02d-51a5-4bfd-87af-ff51c576086e___2014-mahindra-scorpio-suv-10.jpg.jpeg,MH46Z8892
df2f7a76-d701-468f-b54a-c5d63d13b349___CM-Akhilesh-Number-Plate.jpg.jpeg,UP65CMZ21149
dfebb432-82cd-4154-b919-0d8be2c0d85a___5e4697c6f639f3f341b2feb170d72795af3fc998.jpg.jpeg,KL25B2001
DL1.jpg,DL6CJ8404
DL10.jpg,DL9CAE1359
DL11.jpg,DL9CAP8884
DL12.jpg,DL5CH7599
DL13.jpg,DL12CJ9823
DL14.jpg,DL9CAU4743
DL15.jpg,DL8CZ7230
DL16.jpg,DL9CAV1739
DL18.jpg,DL1CS8739
DL19.jpg,DL1CT2782
DL2.jpg,DL6CR7002
DL20.jpg,DL12CL2555
DL21.jpg,DL12CS7886
DL22.jpg,DL6CL0457
DL23.jpg,DL2CAX2886
DL24.jpg,DL3CCX8019
DL25.jpg,DL9CQS1537
DL26.jpg,DL11CA4900
DL27.jpg,DL10CA0986
DL28.jpg,DL4CNA723
DL29.jpg,DL8CAL4134
DL3.jpg,DL8CAU6883
DL30.jpg,DL10CDS520
DL31.jpg,DL8CNA3596
DL32.jpg,DL2CAR0108
DL33.jpg,DL4CNA7231
DL34.jpg,DL8CNA5085
DL35.jpg,DL3CBS5881
DL38.jpg,DL4CAQ3231
DL4.jpg,DL9CAU5573
DL5.jpg,DL12CN8660
DL6.jpg,DL4CAM9066
DL7.jpg,DL12CK8643
DL8.jpg,DL10CH1252
DL9.jpg,DL2CH8634
DN1.jpg,DN09H2191
DN2.jpg,DN09J1548
DN3.jpg,DN09H0968
DN4.jpg,DN09J0032
DN5.jpg,DN09D2724
DN6.jpg,DN09D1438
DN7.jpg,DN09Q9704
DN8.jpg,DN09C0868
e1d7921f-5e58-46c7-b4f9-9fd4585508f1___IMG_9072.jpg.jpeg,GJ1KF1111
e204c50d-b861-4f68-827f-575351d150b4___Maruti-Baleno-RS-4.jpg.jpeg,HR26DA2330
e29b6eea-504a-4da2-8503-5bd3443f3bd8___maruti-suzuki-wagon-r-front-left-rim.jpg.jpeg,KA04ME9869
e354039f-d73c-4f12-9df5-f0129345fa79___scorpio.JPG.jpeg,KA01D1330
e4907f73-1fbc-412c-a766-9c81bb31449c___2016-Chevrolet-TrailBlazer-India-Test-Drive-Review-e1442832290349.jpg.jpeg,GJ17TC214
e53076d3-c3b7-47b8-8c63-30a08b8ad983___40213__Maruti_Suzuki_Swift--016.JPG.jpeg,HR26DK6475
e54fb93b-020f-4c55-b4db-86e17ba9b9e0___2014-VW-Polo-facelift-rear-spotted-testing-in-Pune-India.jpg.jpeg,MH14TCP237
e663fa35-ce3c-401d-8451-30edd236b3e4___maxresdefault2.jpg.jpeg,KL49H5270
e706cec0-783a-42bc-b934-64788481cd92___4-Innova-After-2.jpg.jpeg,MH04DW8351
e719f39b-e8dd-4fe0-9a41-71123932a486___226676869_4_1000x700_maruti-suzuki-wagon-r-duo-petrol-120000-kms-2007-year-cars_rev001.jpg.jpeg,KL07BF5000
e750b959-1b5a-41bf-bf64-d8099089e909___3e7fd381-0ae5-4421-8a70-279ee0ec1c61_Nissan-Terrano-Duster-launch-dare-pics-price-interiors-images-1.jpg,TN19(TC)91
e77e5db3-2bc6-4223-a258-2334256be65e___new_205356-maruti-swift-torque-blue-vdi-ddis-glistening-rockstar-enters-home-img_7531.jpg.jpeg,TN38BW1139
e7a86597-7251-4e9b-9469-cd873fe6736f___Honda-Jazz-Number-Plates-Designs.jpg.jpeg,TN42R2697
e82fc408-a209-4221-9f6d-742b4b9d4c70___3e7fd381-0ae5-4421-8a70-279ee0ec1c61_848803268_2_1080x720_nissan-terrano-xl-d-plus-2014-diesel-upload-photos.jpg,UP32FH2653
ec4bde57-11dd-4d59-96ae-b5d3b28afda5___Maruti-Suzuki-Celerio-Back-Number-Plates-Design.jpg.jpeg,KL10AW2814
ed6ee171-691a-4563-a79d-4f47d8ce9f85___Maruti-Suzuki-SCross-Exterior-80675.jpg.jpeg,HPSX4000
ed9cd3b2-76a2-4cc8-9e4e-76d50ad1ff68___maruti-suzuki-wagon-r-hood-open-view.jpg.jpeg,KA51MJ2143
ef2dc97f-bc6d-49a3-9ddb-03f54f3a20e7___Skoda-Rapid-new-Exterior-84398.jpg.jpeg,MH20EE0943
f16274c4-0d3d-4c85-9dcc-5ac71734b281___speedex-number-plates-nandanam-chennai-car-number-plate-dealers-1ofla74.jpg.jpeg,KL7BZ99
f20708c6-14cd-46ff-b8f1-6faef5fd8d2d___3e7fd381-0ae5-4421-8a70-279ee0ec1c61_Nissan-Terrano-20346.jpg,RJ27TC0530
f265077a-611f-4a18-abe5-46518b1756e6___1232700-take-look-number-plate-uploadfromtaptalk1398055489406.jpg.jpeg,PY01BL1155
f59d42f8-dc55-4b60-bb91-c2db3644f2ff___841309873_1_1080x720_mahindra-scorpio-vlx-airbags-bs-iii-2012-diesel-.jpg.jpeg,TN59AM1
f5bbb8da-dddd-47ae-a46c-15492f9cf752___3e7fd381-0ae5-4421-8a70-279ee0ec1c61_10187746544_0c0822790e - Copy.jpg,TN21AU7234
f685e6cf-3a12-42ac-94d7-28cdf129b266___maxresdefault1.jpg.jpeg,TN66T5836
f7621229-eebc-4dff-aef8-e79fac571be4___Skoda-Octavia-5.jpg.jpeg,MH20CS1938
f7ba7a93-e8d7-4253-b327-d87e3f2bb747___3e7fd381-0ae5-4421-8a70-279ee0ec1c61_2013-Nissan-Terrano-Rear.jpg,TN19TC94
f8a992cc-a1cc-4d68-88c1-bec1a46fc148___Honda-City-Number-Plates-Design.jpg.jpeg,TN02BL9
f94e9bcf-ec4a-418a-8685-14b71b82a039___3e7fd381-0ae5-4421-8a70-279ee0ec1c61_848126147_1_1080x720_nissan-terrano-xl-d-plus-2014-diesel-surat.jpg,GJ05JH2501
f9e27b82-9e65-44ba-bf9a-b3ced8901937___Skoda-Superb-Exterior-deadfront-69204.jpg.jpeg,MH20DV2362
fac9f4e6-c4b9-4872-86da-79d58ea2adc5___5273.jpg - Copy.jpeg,UP16AB3726
fac9f4e6-c4b9-4872-86da-79d58ea2adc5___5273.jpg.jpeg,MH02BT6898
fb939bb1-5257-4879-bafb-539472ffb73d___Maruti-Suzuki-Brezza-Number-Plates-Design.jpg.jpeg,KL10AW2111
fbb2b3ed-4db1-4d4c-8d4d-4b80b02bfd2a___3e7fd381-0ae5-4421-8a70-279ee0ec1c61_01640f5edbbfb564a9ab6486b31d1554_large.jpg,RJ09CB4382
fbc107b7-13d8-4a2d-b8be-7c96bd7d609c___new_9214a754343030395508e104d7948167_large.jpg.jpeg,PB08CX2959
fc1f58f0-2f54-4545-8915-2936d08dcce1___new_Skoda_Laura_DSG_Long_Term_Review-125.jpg.jpeg,MH20BN3525
fcabfaf7-160a-44bc-a543-9faee4c1c4cd___Honda-Jazz-Front-Number-Plates-Designs.jpg.jpeg,TN42R2697
fd0140cc-e887-43b8-a439-24877ea77670___Maruti-Suzuki-Baleno-Number-Plates-Design.jpg.jpeg,KL10AV6633
fda5760a-c6ff-43a9-8ce7-61e808f109ea___3e7fd381-0ae5-4421-8a70-279ee0ec1c61_nissan_terrano_ii_nissan_terrano_ii_2_7_tdi_se_4x4_3330085523722771900.jpg,HDO2NPO
fe3c95e4-7bd4-40f5-98a9-9fc635957d9c___3e7fd381-0ae5-4421-8a70-279ee0ec1c61_Baleno-Number-Plates-Design.jpg,KL10AV6633
GA1.jpg,GA03R9230
GA10.jpg,GA01R6315
GA11.jpg,GA03P3839
GA12.jpg,GA03Y9512
GA13.jpg,GA07K6090
GA2.jpg,GA08M0184
GA3.jpg,GA01S5594
GA4.jpg,GA01C2098
GA5.jpg,GA01E5947
GA6.jpg,GA02J2129
GA7.jpg,GA07K7150
GA8.jpg,GA05B5077
GA9.jpg,GA06E3855
GJ1.jpg,GJ7AG4373
GJ10.jpg,GJ01RA8370
GJ11.jpg,GJ06HS1855
GJ12.jpg,GJ06PA0097
GJ13.jpg,GJ06KP8508
GJ14.jpg,GJ06DG9355
GJ15.jpg,GJ01HS1902
GJ16.jpg,GJ01KC9959
GJ17.jpg,GJ06DQ3712
GJ18.jpg,GJ01RN4259
GJ2.jpg,GJ15CB3980
GJ20.jpg,GJ01RK2430
GJ21.jpg,GJ12CG2526
GJ22.jpg,GJ18BD5216
GJ23.jpg,GJ01RS0198
GJ24.jpg,GJ23CC8798
GJ25.jpg,GJ01HM5887
GJ26.jpg,GJ09AG8384
GJ27.jpg,GJ18BK6705
GJ28.jpg,GJ05JB6589
GJ29.jpg,GJ01RM3413
GJ4.jpg,GJ06JE4788
GJ5.jpg,GJ15CG7928
GJ6.jpg,GJ06FK2977
GJ7.jpg,GJ34B9811
GJ8.jpg,GJ16CH9827
GJ9.jpg,GJ05RE8119
HP1.jpg,HP12H1324
HP10.jpg,HP52B5928
HP11.jpg,HP12H7917
HP12.jpg,HP36E3330
HP13.jpg,HP34C8986
HP14.jpg,HP38G1539
HP15.jpg,HP22E8000
HP16.jpg,HP302165
HP17.jpg,HP20E3953
HP18.jpg,HP24C8032
HP19.jpg,HP54C6564
HP2.jpg,HP16A2014
HP20.jpg,HP2020T/R6255G
HP21.jpg,HP40B8992
HP22.jpg,HP64B3380
HP3.jpg,HP666807
HP4.jpg,HP48B2252
HP5.jpg,HP01N0304
HP6.jpg,HP01A7630
HP7.jpg,HP12C3766
HP8.jpg,HP719898
HP9.jpg,HP23A6365
HR1.jpg,HR26BQ8176
HR10.jpg,HR26BY4812
HR11.jpg,HR01H4731
HR12.jpg,HR29R9466
HR13.jpg,HR51AQ0911
HR14.jpg,HR51BU8218
HR15.jpg,HR29K7840
HR16.jpg,HR56B2626
HR17.jpg,HR26BK8597
HR18.jpg,HR26DM2296
HR19.jpg,HR29AQ4939
HR2.jpg,HR71F9259
HR20.jpg,HR26EJ7668
HR21.jpg,HR42B1329
HR22.jpg,HR09G8378
HR3.jpg,HR29W8286
HR4.jpg,HR10AE9885
HR5.jpg,HR26CC7676
HR6.jpg,HR26DJ8832
HR7.jpg,HR01W0080
HR8.jpg,HR20X8432
HR9.jpg,HR29AS0015
JH1.jpg,JH01Z3792
JH10.jpg,JH02AB2533
JH11.jpg,JH01BC5210
JH12.jpg,JH01AX5392
JH13.jpg,JH01AM2354
JH14.jpg,JH10BV1496
JH15.jpg,JH08C0625
JH16.jpg,JH10S5378
JH17.jpg,JH01AR2011
JH18.jpg,JH05S3291
JH19.jpg,JH05Y9636
JH2.jpg,JH01AM0100
JH3.jpg,JH01DB1881
JH5.jpg,JH09AA2570
JH6.jpg,JH02AH0750
JH7.jpg,JH01BX0013
JH8.jpg,JH04C7104
JH9.jpg,JH01BU9956
JK1.jpg,JK02BF5058
JK10.jpg,JK02AK8967
JK11.jpg,JK03D7750
JK12.jpg,JK01AD3147
JK13.jpg,JK01AF7715
JK14.jpg,JK11D8143
JK15.jpg,JK02AJ1525
JK16.jpg,JK09B7745
JK17.jpg,JK02AS3888
JK18.jpg,JK11B2360
JK19.jpg,JK127959
JK2.jpg,jk02BJ7997
JK20.jpg,JK02BJ4045
JK22.jpg,JK01AL4613
JK23.jpg,JK02CC0447
JK24.jpg,JK02BN3088
JK26.jpg,JK02AG2454
JK27.jpg,JK01D8354
JK28.jpg,JK10A5217
JK29.jpg,JK01AF0310
JK3.jpg,JK02BL1212
JK30.jpg,JK02AC8876
JK31.jpg,JK03A8042
JK32.jpg,JK13C4452
JK34.jpg,JK10B2313
JK35.jpg,JK10A4638
JK36.jpg,JK072483
JK4.jpg,JK01M4723
JK5.jpg,JK05H3594
JK6.jpg,JK01R8021
JK7.jpg,JK11B4928
JK8.jpg,JK02W2657
JK9.jpg,JK02CD0461
KA1.jpg,KA03HQ6984
KA10.jpg,KA04MG7528
KA11.jpg,KA04MK0368
KA12.jpg,KA02MF3336
KA16.jpg,KA03NC7167
KA17.jpg,KA01MG1660
KA18.jpg,KA04MK312
KA19.jpg,KA03MQ6984
KA2.jpg,KA05MF1762
KA20.jpg,KA19MF1763
KA21.jpg,KA28M3589
KA23.jpg,KA51ML4025
KA24.jpg,KA25P5080
KA25.jpg,KA38M8037
KA3.jpg,KA06C9590
KA4.jpg,KA38M8037
KA5.jpg,KA53P7604
KA7.jpg,KA51P7755
KA8.jpg,KA51D9662
KA9.jpg,KA01MB9714
KL10.jpg,KL45C4411
KL11.jpg,KL08BJ5001
KL14.jpg,KL03S6394
KL15.jpg,KL43G6619
KL16.jpg,KL43D4444
KL19.jpg,KL43D4389
KL3.jpg,KL02AF6723
KL4.jpg,KL27D9809
KL5.jpg,KL34A7564
KL6.jpg,KL46R3613
KL7.jpg,KL41M93
KL8.jpg,KL07BU7707
KL9.jpg,KL16U8863
LA1.jpg,LA020749
MH1.jpg,MH06AB8620
MH10.jpg,MH11CQ8516
MH11.jpg,MH36H5700
MH12.jpg,MH12NJ5838
MH13.jpg,MH05BS3471
MH14.jpg,MH43X8997
MH15.jpg,MH05EQ4066
MH16.jpg,MH12GR862
MH17.jpg,MH01BT7906
MH18.jpg,MH12HN4507
MH19.jpg,MH12KN8366
MH2.jpg,MH48AK2798
MH20.jpg,MH12KJ7659
MH21.jpg,MH04DR8508
MH22.jpg,MH05CH1754
MH23.jpg,MH49AS5099
MH24.jpg,MH04HF5092
MH25.jpg,MH12FK1392
MH26.jpg,MH12HF5057
MH3.jpg,MH48AC6244
MH4.jpg,MH12MF6822
MH6.jpg,MH47N0712
MH7.jpg,MH12KY6921
MH8.jpg,MH02DN7410
ML1.jpg,ML05F6894
ML10.jpg,ML06A1659
ML11.jpg,ML05L1434
ML12.jpg,ML05F9854
ML13.jpg,ML05H1958
ML14.jpg,ML10B9308
ML15.jpg,ML111909
ML16.jpg,ML133317
ML17.jpg,ML05L5154
ML18.jpg,ML10B4503
ML19.jpg,ML04C0056
ML2.jpg,ML05Q8790
ML20.jpg,ML137827
ML21.jpg,ML05J3288
ML22.jpg,ML10B2811
ML23.jpg,ML05R1934
ML24.jpg,ML05G3550
ML25.jpg,ML04B8359
ML26.jpg,ML068346
ML27.jpg,ML05K9494
ML28.jpg,ML08C8061
ML29.jpg,ML04C4738
ML30.jpg,NL05C5383
ML31.jpg,ML05J8950
ML32.jpg,ML10C2674
ML33.jpg,ML04B8918
ML34.jpg,ML05H6564
ML35.jpg,ML05G3474
ML36.jpg,ML08B1100
ML37.jpg,ML08E9223
ML38.jpg,ML064696
ML39.jpg,ML05G6098
ML5.jpg,ML05D0571
ML7.jpg,ML069642
ML8.jpg,ML087084
MN2.jpg,MN05A6028
MN3.jpg,MN01G0297
MN4.jpg,MN06LA0861
MN5.jpg,MN01G5395
MN6.jpg,MN01K5346
MP1.jpg,MP04CL3546
MP10.jpg,MP08CA6293
MP11.jpg,MP07CB8897
MP2.jpg,MP04CL8840
MP3.jpg,MP65C0654
MP4.jpg,MP09CK4943
MP5.jpg,MP20TA0919
MP6.jpg,MP07CA5563
MP7.jpg,MP09BD1270
MP8.jpg,MP09CQ9712
MP9.jpg,MP45G0872
MZ1.jpg,MZ01G9825
NL2.jpg,NL01C8433
NL3.jpg,NL078440
NL4.jpg,NL02C3947
NL5.jpg,NL07CA7631
NL6.jpg,NL02C9593
NL7.jpg,NL01T8152
NL8.jpg,NL07T0937
NL9.jpg,NL02C6709
OD10.jpg,OD05K6964
OD11.jpg,OR02BV07071
OD12.jpg,OR05AN4494
OD13.jpg,OD052323
OD14.jpg,OD02L4656
OD15.jpg,OD05Y5787
OD16.jpg,OR14U8730
OD17.jpg,OD14R7432
OD18.jpg,OD22J9911
OD19.jpg,OD11P6123
OD20.jpg,OD01Q4668
OD22.jpg,OR05AC0422
OD23.jpg,OR21E1033
OD24.jpg,OD02J0435
OD25.jpg,OD02AP3010
OD26.jpg,OD021481
OD27.jpg,OD25F7400
OD3.jpg,OD02V0007
OD4.jpg,OD02C2836
OD5.jpg,OD14E3131
OD6.jpg,OR08F1001
OD9.jpg,OD33L2616
PB1.jpg,PB11BG7347
PB10.jpg,PB11BN6101
PB11.jpg,PB08CQ3690
PB12.jpg,PB07BY3563
PB13.jpg,PB08DT7342
PB14.jpg,PB10EH0164
PB15.jpg,PB30L5010
PB17.jpg,PB23S8600
PB18.jpg,PB08BF6160
PB19.jpg,PB10CX0209
PB2.jpg,PB04S4253
PB20.jpg,PB31R8123
PB21.jpg,PB37A8269
PB22.jpg,PB06AN6162
PB23.jpg,PB02CC7299
PB24.jpg,PB02DY7380
PB25.jpg,PB10CK5005
PB26.jpg,PB04T0678
PB27.jpg,PB65AN2583
PB29.jpg,PB10EE0888
PB30.jpg,PB08DY4824
PB4.jpg,PB07BL8058
PB5.jpg,PB2313752
PB6.jpg,PB13AF6756
PB7.jpg,PB10DV5354
PB8.jpg,PB10CQ0006
PB9.jpg,PB35F9333
PY1.jpg,PY01Q7947
PY10.jpg,PY01CE4149
PY12.jpg,PY01AH9067
PY13.jpg,PY01CG2929
PY14.jpg,PY01CV2442
PY15.jpg,PY05A8339
PY16.jpg,PY01BU2406
PY17.jpg,PY02S9326
PY18.jpg,PY02L4602
PY2.jpg,PY01CM9549
PY3.jpg,PY01CM5400
PY4.jpg,PY02S7828
PY5.jpg,PY01AW2814
PY6.jpg,PY01AP0555
PY7.jpg,PY036993
PY8.jpg,PY01BD9020
PY9.jpg,PY055353
RJ10.jpg,RJ14CM3730
RJ2.jpg,RJ14CW4115
RJ4.jpg,RJ20CD5118
RJ5.jpg,RJ14CF5807
RJ6.jpg,RJ23CB2272
RJ7.jpg,RJ23CB4320
RJ9.jpg,RJ20UB0137
SK1.jpg,SK01PA2969
SK10.jpg,SK01PB5004
SK11.jpg,SK02P1078
SK12.jpg,SK01T3835
SK13.jpg,SK05T0338
SK2.jpg,SK01T3794
SK3.jpg,SK01PA7708
SK4.jpg,SK01PA4521
SK5.jpg,SK01PB3596
SK6.jpg,SK04P1320
SK7.jpg,SK02P3471
SK8.jpg,SK01PA5349
SK9.jpg,SK01T8791
TN1.jpg,TN63BY7954
TN10.jpg,TN69AJ4455
TN2.jpg,TN76V1978
TN3.jpg,TN02AU9295
TN4.jpg,TN10AR0131
TN5.jpg,TN47T4464
TN6.jpg,TN19F0816
TN7.jpg,TN07BT5778
TN8.jpg,TN07AP0659
TN9.jpg,TN19Q0835
TR1.jpg,TR05B0308
TR10.jpg,TR07D0569
TR2.jpg,03H0259
TR3.jpg,TR0L0569
TR4.jpg,TR01N0481
TR5.jpg,TR01X0482
TR6.jpg,TR01BG0365
TR7.jpg,TR03F0375
TR8.jpg,TR01E2157
TR9.jpg,TR01AS0609
TS1.jpg,TS08FQ1262
TS10.jpg,TS11EQ2914
TS11.jpg,TS08FZ8298
TS12.jpg,TS09UA7948
TS13.jpg,TS15ES0894
TS14.jpg,TS36H6578
TS15.jpg,TS13EK6213
TS16.jpg,TS07HM2684
TS2.jpg,TS07EL3335
TS3.jpg,TS09EZ9293
TS4.jpg,TS09EZ9296
TS5.jpg,TS09EA4088
TS6.jpg,TS18T3899
TS7.jpg,TS08EZ9463
TS8.jpg,TS09EG6565
TS9.jpg,TS21J8351
UK1.jpg,UK08W2276
UK10.jpg,UK07AA2432
UK2.jpg,UK06CB4595
UK3.jpg,UK185763
UK4.jpg,UP23K0008
UK5.jpg,UK106679
UK6.jpg,UK07DS5789
UK7.jpg,UK07AM5665
UK8.jpg,UK07BK5014
UK9.jpg,UK06J3953
UP1.jpg,UP57H8173
UP10.jpg,UP78DB3730
UP11.jpg,UP53AK1161
UP12.jpg,UP14CV7920
UP14.jpg,UP16BD4866
UP15.jpg,UP79L0567
UP16.jpg,UP32KW7325
UP17.jpg,UP32CX3400
UP19.jpg,UP45Q3028
UP2.jpg,UP85N4203
UP20.jpg,UP14AK8604
UP21.jpg,UP52AH9705
UP22.jpg,UP11AY0646
UP23.jpg,UP78ED0449
UP24.jpg,UP27Z7322
UP25.jpg,UP32BF3577
UP26.jpg,UP44AX9754
UP27.jpg,UP70ET7816
UP28.jpg,UP32HY6077
UP29.jpg,UP14AF3804
UP3.jpg,UP80FA1666
UP4.jpg,P16U3849
UP5.jpg,UP32EC5577
UP8.jpg,UP16AJ0704
video10_1060.jpg,MH03DV2010
video10_1070.jpg,MH03DV2010
video10_1080.jpg,MH03DV2010
video10_110.jpg,MH02EK0837
video10_120.jpg,MH02EK0837
video10_1200.jpg,MH05DS8679
video10_1210.jpg,MH05DS8679
video10_1220.jpg,MH05DS8679
video10_1230.jpg,MH05DS8679
video10_1240.jpg,MH05DS8679
video10_1250.jpg,MH05DS8679
video10_1260.jpg,MH05DS8679
video10_1270.jpg,MH05DS8679
video10_1280.jpg,MH05DS8679
video10_1290.jpg,MH05DS8679
video10_130.jpg,MH02EK0837
video10_1390.jpg,MH43AR5466
video10_140.jpg,MH02EK0837
video10_1420.jpg,MH43AL8464
video10_150.jpg,MH02EK0837
video10_160.jpg,MH02EK0837
video10_170.jpg,MH02EK0837
video10_1700.jpg,GJ15CD0564
video10_1710.jpg,GJ15CD0564
video10_180.jpg,MH02EK0837
video10_640.jpg,DL3CCQ0107
video10_650.jpg,DL3CCQ0107
video10_660.jpg,DL3CCQ0107
video10_670.jpg,DL3CCQ0107
video10_690.jpg,DL3CCQ0107
video10_710.jpg,DL3CCQ0107
video10_720.jpg,DL3CCQ0107
video10_760.jpg,MH01AU0059
video10_770.jpg,MH01AU0059
video10_830.jpg,MH05EJ3005
video10_850.jpg,MH01AU0059
video10_860.jpg,MH01AU0059
video10_870.jpg,MH01AU0059
video10_880.jpg,MH01AU0059
video10_890.jpg,MH01AU0059
video10_900.jpg,MH01AU0059
video10_910.jpg,MH01AU0059
video10_920.jpg,MH01AU0059
video10_930.jpg,MH01AU0059
video10_940.jpg,MH01AU0059
video10_950.jpg,MH01AU0059
video10_960.jpg,MH01AU0059
video10_970.jpg,MH01AU0059
video10_980.jpg,MH01AU0059
video10_990.jpg,MH01AU0059
video11_1000.jpg,MH47Y1124
video11_1010.jpg,MH47Y1124
video11_1020.jpg,MH47Y1124
video11_1030.jpg,MH47Y1124
video11_1040.jpg,MH47Y1124
video11_1050.jpg,MH47Y1124
video11_1060.jpg,MH47Y1124
video11_1070.jpg,MH47Y1124
video11_1080.jpg,MH47Y1124
video11_1100.jpg,MH47Y1124
video11_1110.jpg,MH47Y1124
video11_1120.jpg,MH47Y1124
video11_1130.jpg,MH47Y1124
video11_1140.jpg,MH47Y1124
video11_1150.jpg,MH47Y1124
video11_1160.jpg,MH47Y1124
video11_1170.jpg,MH04EX7505
video11_1180.jpg,MH04EX7505
video11_1230.jpg,MH47Y1124
video11_1240.jpg,MH47Y1124
video11_1250.jpg,MH47Y1124
video11_1270.jpg,MH01DB1477
video11_1280.jpg,MH01DB1477
video11_1290.jpg,MH01DB1477
video11_1300.jpg,MH12RT1105
video11_1310.jpg,MH01DB1477
video11_1320.jpg,MH12RT1105
video11_1330.jpg,MH01DB1477
video11_1340.jpg,MH01DB1477
video11_1350.jpg,MH01DB1477
video11_1360.jpg,MH01DB1477
video11_1440.jpg,MH02EZ2599
video11_1560.jpg,MH02BQ9628
video11_1570.jpg,MH02BQ9628
video11_1580.jpg,MH02BQ9628
video11_1590.jpg,MH02BQ9628
video11_1600.jpg,MH02BQ9628
video11_1610.jpg,MH02BQ9628
video11_1620.jpg,MH02BQ9628
video11_1630.jpg,MH02BQ9628
video11_1640.jpg,MH02BQ9628
video11_1650.jpg,MH02BQ9628
video11_1660.jpg,MH02BQ9628
video11_1670.jpg,MH02BQ9628
video11_1680.jpg,MH02BQ9628
video11_1690.jpg,MH02BQ9628
video11_1840.jpg,MH47Y1124
video11_1850.jpg,MH47Y1124
video11_1860.jpg,MH47Y1124
video11_1870.jpg,MH47Y1124
video11_1880.jpg,MH47Y1124
video11_1890.jpg,MH47Y1124
video11_1900.jpg,MH47Y1124
video11_1910.jpg,MH47Y1124
video11_1920.jpg,MH47Y1124
video11_1930.jpg,MH47Y1124
video11_1940.jpg,MH47Y1124
video11_1980.jpg,MH02DQ0196
video11_1990.jpg,MH02DQ0196
video11_2000.jpg,MH02DQ0196
video11_2010.jpg,MH02DQ0196
video11_2040.jpg,MH47Y1124
video11_2050.jpg,MH47Y1124
video11_2060.jpg,MH47Y1124
video11_2070.jpg,MH47Y1124
video11_2080.jpg,MH47Y1124
video11_210.jpg,MH43BK9513
video11_2180.jpg,MH47AV6753
video11_2190.jpg,MH47AV6753
video11_220.jpg,MH43BK9513
video11_2200.jpg,MH47AV6753
video11_2210.jpg,MH47AV6753
video11_2220.jpg,MH47AV6753
video11_2230.jpg,MH47AV6753
video11_2260.jpg,MH47AV6753
video11_2270.jpg,MH47AV6753
video11_2280.jpg,MH47AV6753
video11_2290.jpg,MH47AV6753
video11_2370.jpg,MH12FT9458
video11_2380.jpg,MH12FT9458
video11_2550.jpg,MH04JL5547
video11_2560.jpg,MH04JL5547
video11_2570.jpg,MH04JL5547
video11_2600.jpg,MH47Y1124
video11_2610.jpg,MH47Y1124
video11_2620.jpg,MH47Y1124
video11_2630.jpg,MH47Y1124
video11_2640.jpg,MH03BS4060
video11_2650.jpg,MH03BS4060
video11_2660.jpg,MH03BS4060
video11_2670.jpg,MH03BS4060
video11_2680.jpg,MH03BS4060
video11_2690.jpg,MH03BS4060
video11_2700.jpg,MH03BS4060
video11_2710.jpg,MH03BS4060
video11_2720.jpg,MH03BS4060
video11_2730.jpg,MH03BS4060
video11_2740.jpg,MH03BS4060
video11_2750.jpg,MH03BS4060
video11_2760.jpg,MH03BS4060
video11_2770.jpg,MH03BS4060
video11_2780.jpg,MH03BS4060
video11_2790.jpg,MH03BS4060
video11_2800.jpg,MH02WA8344
video11_2810.jpg,MH04BM4154
video11_2820.jpg,MH04BM4154
video11_2830.jpg,MH04BM4154
video11_3250.jpg,MH02BQ9628
video11_3260.jpg,MH02BQ9628
video11_3280.jpg,MH05DK1018
video11_3290.jpg,MH05DK1018
video11_3300.jpg,MH05DK1018
video11_3310.jpg,MH05DK1018
video11_3320.jpg,MH02BQ9628
video11_3330.jpg,MH02BQ9628
video11_3340.jpg,MH02BQ9628
video11_3350.jpg,MH02BQ9628
video11_3630.jpg,MH03AT3856
video11_3640.jpg,MH03AT3856
video11_3660.jpg,MH03CB0229
video11_3680.jpg,MH03AR7140
video11_3690.jpg,MH03AR7140
video11_3700.jpg,MH04JM8262
video11_3710.jpg,MH03AR7140
video11_3720.jpg,MHH03DK2961
video11_3730.jpg,MHH03DK2961
video11_3750.jpg,MH03AF1911
video11_3830.jpg,MH01AM9839
video11_3840.jpg,MH01AM9839
video11_3870.jpg,MH02DZ9898
video11_3880.jpg,MH02DZ9898
video11_3910.jpg,MH04JM3383
video11_3920.jpg,MH01DB2561
video11_3930.jpg,MH01DB2561
video11_3940.jpg,MH01BT4302
video11_4010.jpg,MH01BM4824
video11_4020.jpg,MH01BM4824
video11_4030.jpg,MH01BM4824
video11_4060.jpg,MH03DU5196
video11_4070.jpg,MH03DU5196
video11_4080.jpg,MH03DU5196
video11_4090.jpg,MH01DK4867
video11_410.jpg,MH02CW8226
video11_4100.jpg,MH01DK4867
video11_420.jpg,MH02CW8226
video11_4390.jpg,MH02MA5324
video11_4410.jpg,MH02MA5324
video11_4420.jpg,MH02MA5324
video11_4430.jpg,MH02MA5324
video11_4440.jpg,MH02MA5324
video11_4450.jpg,MH02MA5324
video11_4460.jpg,MH02MA5324
video11_4470.jpg,MH02MA5324
video11_4600.jpg,MH01AM5810
video11_4610.jpg,MH01AM5810
video11_4620.jpg,MH01AM5810
video11_4630.jpg,MH01AX3070
video11_4640.jpg,MH01AX3070
video11_4650.jpg,MH01AX3070
video11_4660.jpg,MH01AX3070
video11_4670.jpg,MH01AX3070
video11_4710.jpg,MH03CP1328
video11_4720.jpg,MH03CP1328
video11_4730.jpg,MH03CP1328
video11_4740.jpg,MH03CP1328
video11_4750.jpg,MH03CP1328
video11_4770.jpg,MH03CP1328
video11_4780.jpg,MH03CP1328
video11_4790.jpg,MH03CP1328
video11_4800.jpg,MH03CP1328
video11_4810.jpg,MH03CP1328
video11_4950.jpg,MH01AM7014
video11_4960.jpg,MH01AM7014
video11_540.jpg,MH02DQ0196
video11_550.jpg,MH02DQ0196
video11_750.jpg,MH01AX3070
video11_760.jpg,MH01AX3070
video11_770.jpg,MH01AX3070
video11_780.jpg,MH01AX3070
video11_790.jpg,MH01AX3070
video11_800.jpg,MH01AX3070
video11_810.jpg,MH01AX3070
video11_860.jpg,MH01AX3070
video11_980.jpg,MH47Y1124
video11_990.jpg,MH47Y1124
video12_100.jpg,MH02BG8542
video12_110.jpg,MH02BG8542
video12_140.jpg,GJ15CD0564
video12_150.jpg,GJ15CD0564
video12_60.jpg,MH02BG8542
video12_70.jpg,MH02BG8542
video12_80.jpg,MH02BG8542
video12_90.jpg,MH02BG8542
video2_0.jpg,MH02EK4399
video2_1360.jpg,MH01DP5662
video2_1430.jpg,MH02EN6828
video2_1480.jpg,DL8CN6308
video2_1490.jpg,DL8CN6308
video2_1510.jpg,DL8CN6308
video2_1590.jpg,DL8CN6308
video2_1750.jpg,DL8CN6308
video2_180.jpg,MH02EK4399
video2_1820.jpg,DL8CN6308
video2_1830.jpg,DL8CN6308
video2_2150.jpg,MH47Y0205
video2_220.jpg,MH02EU4884
video2_2210.jpg,MH47Y0205
video2_2220.jpg,MH47Y0205
video2_2230.jpg,MH47Y0205
video2_230.jpg,MH02EU4884
video2_240.jpg,MH02EU4884
video2_2550.jpg,MH02EK5817
video2_280.jpg,MH02DN8718
video2_2870.jpg,MH03DA4505
video2_290.jpg,MH02DN8718
video2_300.jpg,MH02DN8718
video2_3030.jpg,MH02EP4454
video2_310.jpg,MH02EU4884
video2_3260.jpg,MH02EZ6482
video2_3370.jpg,MH03BS8519
video2_3440.jpg,MH47AG4326
video2_3560.jpg,MH02AQ2299
video2_3570.jpg,MH02AQ2299
video2_3600.jpg,MH02AQ2299
video2_3730.jpg,MH47N2829
video2_3740.jpg,MH47N2829
video2_3750.jpg,MH47N2829
video2_380.jpg,MH02DN8718
video2_390.jpg,MH02DN8718
video2_3990.jpg,MH02AQ2299
video2_400.jpg,MH02DN8718
video2_4010.jpg,MH02AQ2299
video2_4080.jpg,MH02BT6482
video2_410.jpg,MH02DN8718
video2_4140.jpg,MH02BT6482
video2_4150.jpg,MH02BT6482
video2_4190.jpg,MH02BT6482
video2_420.jpg,MH02DN8718
video2_4230.jpg,MH02BT6482
video2_4280.jpg,MH04HP6100
video2_4290.jpg,MH04HP6100
video2_430.jpg,MH02DN8718
video2_4340.jpg,MH01AV8814
video2_4370.jpg,MH01AV8814
video2_440.jpg,MH02DN8718
video2_4400.jpg,MH01AV8814
video2_4410.jpg,MH01AV8814
video2_450.jpg,MH02DN8718
video2_4510.jpg,MH02BT6482
video2_4520.jpg,MH02BT6482
video2_460.jpg,MH02DN8718
video2_470.jpg,MH02DN8718
video2_4760.jpg,MH02BT6482
video2_4770.jpg,MH02BT6482
video2_4780.jpg,MH02BT6482
video2_480.jpg,MH02DN8718
video2_4870.jpg,MH02BT6482
video2_4980.jpg,MH02BT6482
video2_5240.jpg,MH02BT6482
video2_5250.jpg,MH02BT6482
video2_5260.jpg,MH02BT6482
video2_5270.jpg,MH02BT6482
video2_5280.jpg,MH02BT6482
video2_5290.jpg,MH02BT6482
video2_5300.jpg,MH02BT6482
video2_610.jpg,MH02BJ2456
video2_620.jpg,MH02BJ2456
video2_650.jpg,MH02BJ2456
video2_820.jpg,MH02BR4503
video3_1050.jpg,MH06EU4077
video3_1070.jpg,MH02EE8407
video3_1080.jpg,MH02EE8407
video3_1090.jpg,MH02EE8407
video3_1100.jpg,MH02EE8407
video3_1120.jpg,MH02EK4399
video3_1130.jpg,MH02EK4399
video3_1140.jpg,MH02EK4399
video3_1150.jpg,MH02EK4399
video3_1180.jpg,MH02BT6482
video3_1190.jpg,MH02BT6482
video3_1200.jpg,MH02BT6482
video3_1210.jpg,MH02BT6482
video3_1220.jpg,MH02BT6482
video3_1350.jpg,MH02CL4017
video3_1360.jpg,MH02CL4017
video3_1370.jpg,MH02CL4017
video3_1440.jpg,MH14DX9938
video3_1450.jpg,MH14DX9938
video3_1460.jpg,MH14DX9938
video3_1500.jpg,MH14DX9938
video3_1510.jpg,MH14DX9938
video3_1650.jpg,MH02EE8407
video3_1660.jpg,MH02EE8407
video3_1670.jpg,MH02EE8407
video3_1680.jpg,MH02EE8407
video3_1700.jpg,MH02EE8407
video3_1710.jpg,MH02EE8407
video3_1730.jpg,MH02EE8407
video3_1750.jpg,MH02BT6482
video3_1760.jpg,MH02BT6482
video3_1770.jpg,MH02BT6482
video3_1780.jpg,MH02BT6482
video3_1790.jpg,MH02BT6482
video3_1800.jpg,MH02BT6482
video3_1810.jpg,MH02BT6482
video3_1820.jpg,MH02BT6482
video3_1840.jpg,MH02EU4077
video3_1850.jpg,MH02EU4077
video3_1860.jpg,MH02EU4077
video3_1870.jpg,MH02EU4077
video3_1880.jpg,MH02EU4077
video3_1890.jpg,MH02EU4077
video3_1900.jpg,MH02EU4077
video3_1910.jpg,MH02EU4077
video3_1920.jpg,MH01BD2186
video3_1930.jpg,MH01BD2186
video3_1950.jpg,MH02ER9194
video3_1960.jpg,MH02ER9194
video3_1970.jpg,MH02ER9194
video3_1980.jpg,MH02ER9194
video3_1990.jpg,MH02ER9194
video3_2000.jpg,MH02ER9194
video3_2170.jpg,MH02BT6482
video3_2180.jpg,MH02BT6482
video3_2190.jpg,MH02BT6482
video3_2200.jpg,MH02BT6482
video3_2210.jpg,MH02BT6482
video3_2220.jpg,MH02BT6482
video3_2230.jpg,MH02BT6482
video3_2240.jpg,MH02BT6482
video3_2250.jpg,MH02BT6482
video3_310.jpg,MH14FS5229
video3_40.jpg,MH01CT1710
video3_440.jpg,MH14FM6930
video3_450.jpg,MH02EP5740
video3_470.jpg,MH02EP5740
video3_540.jpg,MH02ER9194
video3_550.jpg,MH02ER9194
video3_560.jpg,MH02ER9194
video3_570.jpg,MH02ER9194
video3_580.jpg,MH02ER9194
video3_590.jpg,MH02ER9194
video3_600.jpg,MH02ER9194
video3_610.jpg,MH02ER9194
video3_620.jpg,MH02ER9194
video3_630.jpg,MH02ER9194
video3_640.jpg,MH02ER9194
video3_650.jpg,MH02ER9194
video3_660.jpg,MH02ER9194
video4_1100.jpg,GJ12FA0735
video4_2020.jpg,MH02DS3099
video4_2030.jpg,MH02DS3099
video4_2120.jpg,MH04DW9020
video4_2130.jpg,MH04DW9020
video4_2140.jpg,MH04DW9020
video4_2150.jpg,MH04DW9020
video4_2160.jpg,MH04DW9020
video4_2170.jpg,MH04DW9020
video4_2180.jpg,MH04DW9020
video4_2210.jpg,MH01CT9150
video4_2230.jpg,MH01CT9150
video4_2240.jpg,MH01CT9150
video4_2250.jpg,MH01CT9150
video4_2260.jpg,MH01CT9150
video4_2290.jpg,MH01CT9150
video4_2300.jpg,MH01CT9150
video4_2310.jpg,MH01CT9150
video4_2340.jpg,MH01CT9150
video4_2370.jpg,MH01AH8495
video4_2380.jpg,MH01AH8495
video4_2390.jpg,MH01AH8495
video4_2410.jpg,MH01AH8495
video4_2420.jpg,MH01AH8495
video4_2430.jpg,MH01AH8495
video4_2440.jpg,MH01AH8495
video4_2490.jpg,MH02AK5481
video4_2500.jpg,MH02AK5481
video4_2580.jpg,MH01BU1852
video4_2590.jpg,MH01BU1852
video4_2600.jpg,MH01BU1852
video4_2610.jpg,MH01BU1852
video4_2620.jpg,MH01BU1852
video4_2630.jpg,MH01BU1852
video4_2640.jpg,MH01AV7461
video4_2650.jpg,MH01AV7461
video4_2660.jpg,MH01AV7461
video4_2720.jpg,MH01AV7461
video4_2730.jpg,MH01AV7461
video4_2780.jpg,MH01AV7461
video4_2790.jpg,MH01AV7461
video4_2800.jpg,MH01AV7461
video4_2810.jpg,MH01AV7461
video4_2820.jpg,MH01AV7461
video4_2830.jpg,MH01AV7461
video4_2840.jpg,MH01AV7461
video4_2970.jpg,MH02JA9655
video4_3090.jpg,MH01JA8939
video4_3100.jpg,MH01JA8939
video4_3130.jpg,MH01JA8939
video4_3190.jpg,MH01AX1113
video4_3200.jpg,MH01AX1113
video4_3280.jpg,MH01AL9693
video4_3290.jpg,MH01AL9693
video4_330.jpg,MH04GM7982
video4_3310.jpg,MH01AL9693
video4_3320.jpg,MH01AL9693
video4_3330.jpg,MH01AL9693
video4_340.jpg,MH04GM7982
video4_3500.jpg,MH02DJ8952
video4_3510.jpg,MH02DJ8952
video4_3520.jpg,MH02DJ8952
video4_3720.jpg,MH02DJ4903
video4_3760.jpg,MH02DW8021
video4_3770.jpg,MH02DW8021
video4_3780.jpg,MH02DW8021
video4_3790.jpg,MH02DW8021
video4_3800.jpg,MH02DW8021
video4_3810.jpg,MH02DW8021
video4_3820.jpg,MH02DW8021
video4_3830.jpg,MH02DW8021
video4_3840.jpg,MH02DW8021
video4_3850.jpg,MH02DW8021
video4_3860.jpg,MH02DW8021
video4_50.jpg,MH02DN6980
video5_0.jpg,MH01BYY7658
video5_10.jpg,MH01BYY7658
video5_100.jpg,MH03CS6266
video5_110.jpg,MH03CS6266
video5_120.jpg,MH03CS6266
video5_130.jpg,MH03CS6266
video5_140.jpg,MH03CS6266
video5_150.jpg,MH03CS6266
video5_160.jpg,MH03CS6266
video5_170.jpg,MH03CS6266
video5_180.jpg,MH03CS6266
video5_1820.jpg,MH01CY6333
video5_1830.jpg,MH01CY6333
video5_1840.jpg,MH01CY6333
video5_190.jpg,MH03CS6266
video5_340.jpg,MH03CS6266
video5_350.jpg,MH03CS6266
video5_360.jpg,MH03CS6266
video5_370.jpg,MH03CS6266
video5_380.jpg,MH03CS6266
video5_390.jpg,MH03CS6266
video5_400.jpg,MH03CS6266
video5_430.jpg,MH01CY6333
video5_470.jpg,MH03CS6266
video5_480.jpg,MH03CS6266
video5_490.jpg,MH03CS6266
video5_500.jpg,MH03CS6266
video5_510.jpg,MH03CS6266
video5_520.jpg,MH03CS6266
video5_60.jpg,MH03CS6266
video5_70.jpg,MH03CS6266
video5_80.jpg,MH03CS6266
video5_90.jpg,MH03CS6266
video6_1000.jpg,MH02DS9365
video6_1010.jpg,MH02DS9365
video6_1020.jpg,MH02DS9365
video6_1030.jpg,MH02DS9365
video6_1040.jpg,MH02DS9365
video6_1050.jpg,MH02DS9365
video6_1060.jpg,MH02DS9365
video6_1070.jpg,MH02DS9365
video6_1080.jpg,MH02DS9365
video6_1090.jpg,MH02DS9365
video6_1100.jpg,MH02DS9365
video6_1110.jpg,MH02DS9365
video6_1120.jpg,MH02DS9365
video6_1130.jpg,MH02DS9365
video6_1140.jpg,MH02DS9365
video6_1150.jpg,MH02DS9365
video6_200.jpg,PB11AG0774
video6_210.jpg,PB11AG0774
video6_220.jpg,PB11AG0774
video6_260.jpg,MH06AZ3571
video6_40.jpg,PB11AG0774
video6_440.jpg,MH01BD1897
video6_650.jpg,MH01CV9311
video6_710.jpg,MH01CV9311
video6_80.jpg,PB11AG0774
video6_810.jpg,MH02DS9365
video6_820.jpg,MH02DS9365
video6_830.jpg,MH02DS9365
video6_840.jpg,MH02DS9365
video6_850.jpg,MH02DS9365
video6_860.jpg,MH02DS9365
video6_870.jpg,MH02DS9365
video6_880.jpg,MH02DS9365
video6_890.jpg,MH02DS9365
video6_900.jpg,MH02DS9365
video6_910.jpg,MH02DS9365
video6_920.jpg,MH02DS9365
video6_930.jpg,MH02DS9365
video6_940.jpg,MH02DS9365
video6_950.jpg,MH02DS9365
video6_960.jpg,MH02DS9365
video6_970.jpg,MH02DS9365
video6_990.jpg,MH02DS9365
video8_0.jpg,MH02CD3654
video8_10.jpg,MH02CD3654
video8_1030.jpg,MH02EE6842
video8_1040.jpg,MH02EE6842
video8_1050.jpg,MH02EE6842
video8_1090.jpg,MH03AM3025
video8_1110.jpg,MH03AM3025
video8_1120.jpg,MH03AM3025
video8_130.jpg,MH12DG1144
video8_1320.jpg,MH02CR4364
video8_1340.jpg,MH01BG7161
video8_1350.jpg,MH01BG7161
video8_1360.jpg,MH01BG7161
video8_1370.jpg,MH01BG7161
video8_1380.jpg,MH01BG7161
video8_1390.jpg,MH01BG7161
video8_1410.jpg,MH47Q5851
video8_1420.jpg,MH47Q5851
video8_1430.jpg,MH47Q5851
video8_1440.jpg,MH47Q5851
video8_1450.jpg,MH47Q5851
video8_1510.jpg,MH47Q5851
video8_1520.jpg,MH47Q5851
video8_1540.jpg,MH47Q5851
video8_1550.jpg,MH47Q5851
video8_1570.jpg,MH47Q5851
video8_1580.jpg,MH47Q5851
video8_1590.jpg,MH47Q5851
video8_1600.jpg,MH47Q5851
video8_1610.jpg,MH47Q5851
video8_1680.jpg,MH47AZ8323
video8_1890.jpg,MH02EH1077
video8_20.jpg,MH02CD3654
video8_2090.jpg,MH02CR8276
video8_2100.jpg,MH02CR8276
video8_2260.jpg,MH01BY9066
video8_2270.jpg,MH01BY9066
video8_2350.jpg,MH01BY9066
video8_2360.jpg,MH01BY9066
video8_2450.jpg,MH47Q5851
video8_2460.jpg,MH02FD6534
video8_2470.jpg,MH47Q5851
video8_2480.jpg,MH47Q5851
video8_250.jpg,MH47AU1306
video8_260.jpg,MH47AU1306
video8_270.jpg,MH47AU1306
video8_660.jpg,MH01DP0323
video8_730.jpg,MH01CR7388
video8_740.jpg,MH01CR7388
video8_750.jpg,MH01CR7388
video8_760.jpg,MH01CR7388
video8_770.jpg,MH01CR7388
video8_780.jpg,MH12SF3212
video8_790.jpg,MH12SF3212
video8_800.jpg,MH12SF3212
video8_840.jpg,MH02DS4676
video8_850.jpg,MH01BT0050
video8_860.jpg,MH01BT0050
video8_870.jpg,MH01BT0050
video8_880.jpg,MH01BT0050
video8_890.jpg,MH01BT0050
video8_920.jpg,MH03BC6247
video8_930.jpg,MH02CD7733
video8_940.jpg,MH02CD7733
video8_950.jpg,MH04CT3566
video8_960.jpg,MH04CT3566
video8_970.jpg,MH04CT3566
video8_980.jpg,MH04CT3566
video9_100.jpg,MH01DT1917
video9_110.jpg,MH01DT1917
video9_120.jpg,MH01DT1917
video9_130.jpg,MH01DT1917
video9_140.jpg,MH01DT1917
video9_150.jpg,MH01DT1917
video9_260.jpg,MH02FN2783
video9_270.jpg,MH02FN2783
video9_280.jpg,MH02FN2783
video9_290.jpg,MH02FN2783
video9_300.jpg,MH48AW0091
video9_310.jpg,MH02FN2783
video9_350.jpg,MH02FN2783
video9_360.jpg,MH02FN2783
video9_370.jpg,MH02FN2783
video9_390.jpg,MH02FN2783
video9_40.jpg,MH01DT1917
video9_70.jpg,MH01DT1917
video9_80.jpg,MH01DT1917
video9_90.jpg,MH01DT1917
video_15.jpg,MH01CP2655
WB1.jpg,WB26T6688
WB11.jpg,WB08A4101
WB12.jpg,WB26S5093
WB13.jpg,WB26K2760
WB14.jpg,WB36G6682
WB15.jpg,WB12AX2987
WB16.jpg,WB06J9177
WB17.jpg,WB02AJ4534
WB18.jpg,WB06J2192
WB19.jpg,WB061061
WB2.jpg,WB02M8447
WB20.jpg,WB171717
WB21.jpg,WB02W9535
WB22.jpg,WB02H0271
WB23.jpg,WB20AG9041
WB25.jpg,WB06H2237
WB26.jpg,WB02AD3017
WB27.jpg,WB02AD4162
WB28.jpg,WB02AM8548
WB3.jpg,WB70G3763
WB4.jpg,WB02X8795
WB5.jpg,WB06G4120
WB6.jpg,WB02AH4655
WB8.jpg,WB06J4432
WB9.jpg,WB02AA5580
